setting,dataset_seed,n,oracle_MAE,marginal_median_MAE
alpha_per_mode,0,1000,0.6322258257445228,1.4282342776232027
alpha_per_mode,1,1000,0.5620090042224519,1.3893922049735665
alpha_per_mode,2,1000,0.5669148695126938,1.3647684497804526
both,0,1000,0.5767394725644569,1.4076925918593106
both,1,1000,0.6229654278755388,1.3939562570707054
both,2,1000,0.6157288452575258,1.3722557880562263
xi1_only,0,1000,0.5791443560356927,1.4258301475788757
xi1_only,1,1000,0.6270858887398758,1.4127549837428124
xi1_only,2,1000,0.6186557500966908,1.3899982092686718
xi2_only,0,1000,0.02470847803755742,1.2536019544221422
xi2_only,1,1000,0.02597495151344051,1.2551181118603099
xi2_only,2,1000,0.025086034245821728,1.2405660236880611
