arch,protocol,seed,dataset_version,stopping_protocol,min_epochs,max_epochs,patience,ema_alpha,train_tilt,stop_epoch,stop_reason,cap_hit,best_within_5_of_cap,n_parameters,epochs_trained,best_epoch,best_val_MAE_logM,wall_time_sec,mean_epoch_sec,severity_sampling_seed,train_severity_protocol,train_severity_range,device,setting,dataset_seed,dataset,run_id,date_utc
5a,v7,42,v10,extended,30,200,20,0.3,0.0,200,cap,True,False,687843,200,171,0.2077295585316462,350.4507348537445,1.7487125551700593,0,v7,"[0.25, 4.0]",mps,xi1_only,0,manuscript_phase1/data/ablation_v10_xi1_only_seed0/dataset.npz,a7_xi1_only_ds0,2026-09-13T23:32:16.216506+00:00
5a,v7,43,v10,extended,30,200,20,0.3,0.0,200,cap,True,False,687843,200,194,0.2093082825389403,349.66199588775635,1.7443377625942231,0,v7,"[0.25, 4.0]",mps,xi1_only,0,manuscript_phase1/data/ablation_v10_xi1_only_seed0/dataset.npz,a7_xi1_only_ds0,2026-09-13T23:38:05.946273+00:00
5a,v7,44,v10,extended,30,200,20,0.3,0.0,200,cap,True,False,687843,200,178,0.1958848826076953,343.93355202674866,1.7161963260173798,0,v7,"[0.25, 4.0]",mps,xi1_only,0,manuscript_phase1/data/ablation_v10_xi1_only_seed0/dataset.npz,a7_xi1_only_ds0,2026-09-13T23:43:49.903673+00:00
5a,v7,42,v10,extended,30,200,20,0.3,0.0,162,patience,False,False,687843,162,141,0.2194991762939234,280.886892080307,1.7301081389556696,0,v7,"[0.25, 4.0]",mps,xi1_only,1,manuscript_phase1/data/ablation_v10_xi1_only_seed1/dataset.npz,a7_xi1_only_ds1,2026-09-13T23:48:41.656422+00:00
5a,v7,43,v10,extended,30,200,20,0.3,0.0,91,patience,False,False,687843,91,70,0.2534384257278476,160.48097109794617,1.7589294412633876,0,v7,"[0.25, 4.0]",mps,xi1_only,1,manuscript_phase1/data/ablation_v10_xi1_only_seed1/dataset.npz,a7_xi1_only_ds1,2026-09-13T23:51:22.215802+00:00
5a,v7,44,v10,extended,30,200,20,0.3,0.0,197,patience,False,False,687843,197,171,0.221472304653854,342.955796957016,1.738043223540795,0,v7,"[0.25, 4.0]",mps,xi1_only,1,manuscript_phase1/data/ablation_v10_xi1_only_seed1/dataset.npz,a7_xi1_only_ds1,2026-09-13T23:57:05.255262+00:00
5a,v7,42,v10,extended,30,200,20,0.3,0.0,200,cap,True,False,687843,200,158,0.2064483986111724,345.7003788948059,1.7256258726119995,0,v7,"[0.25, 4.0]",mps,xi1_only,2,manuscript_phase1/data/ablation_v10_xi1_only_seed2/dataset.npz,a7_xi1_only_ds2,2026-09-14T00:03:09.999765+00:00
5a,v7,43,v10,extended,30,200,20,0.3,0.0,200,cap,True,False,687843,200,171,0.2009279630919418,345.18734097480774,1.722881370782852,0,v7,"[0.25, 4.0]",mps,xi1_only,2,manuscript_phase1/data/ablation_v10_xi1_only_seed2/dataset.npz,a7_xi1_only_ds2,2026-09-14T00:08:55.212806+00:00
5a,v7,44,v10,extended,30,200,20,0.3,0.0,193,patience,False,False,687843,193,143,0.2008596645648483,332.6810140609741,1.720860713504139,0,v7,"[0.25, 4.0]",mps,xi1_only,2,manuscript_phase1/data/ablation_v10_xi1_only_seed2/dataset.npz,a7_xi1_only_ds2,2026-09-14T00:14:27.966143+00:00
5a,v7,42,v10,extended,30,200,20,0.3,0.0,200,cap,True,False,687843,200,149,0.1339299425128624,341.8811790943146,1.706277562379837,0,v7,"[0.25, 4.0]",mps,xi2_only,0,manuscript_phase1/data/ablation_v10_xi2_only_seed0/dataset.npz,a7_xi2_only_ds0,2026-09-14T00:20:15.582822+00:00
5a,v7,43,v10,extended,30,200,20,0.3,0.0,200,cap,True,False,687843,200,185,0.1454666899706133,341.59982109069824,1.7047018456459044,0,v7,"[0.25, 4.0]",mps,xi2_only,0,manuscript_phase1/data/ablation_v10_xi2_only_seed0/dataset.npz,a7_xi2_only_ds0,2026-09-14T00:25:57.208516+00:00
5a,v7,44,v10,extended,30,200,20,0.3,0.0,200,cap,True,False,687843,200,185,0.1347541751347027,341.9531557559967,1.7066050577163696,0,v7,"[0.25, 4.0]",mps,xi2_only,0,manuscript_phase1/data/ablation_v10_xi2_only_seed0/dataset.npz,a7_xi2_only_ds0,2026-09-14T00:31:39.212545+00:00
5a,v7,42,v10,extended,30,200,20,0.3,0.0,200,cap,True,False,687843,200,163,0.1371078013891979,347.4692437648773,1.733824244737625,0,v7,"[0.25, 4.0]",mps,xi2_only,1,manuscript_phase1/data/ablation_v10_xi2_only_seed1/dataset.npz,a7_xi2_only_ds1,2026-09-14T00:37:31.122922+00:00
5a,v7,43,v10,extended,30,200,20,0.3,0.0,200,cap,True,False,687843,200,170,0.1462536660499093,348.09839701652527,1.7371139752864837,0,v7,"[0.25, 4.0]",mps,xi2_only,1,manuscript_phase1/data/ablation_v10_xi2_only_seed1/dataset.npz,a7_xi2_only_ds1,2026-09-14T00:43:19.250396+00:00
5a,v7,44,v10,extended,30,200,20,0.3,0.0,200,cap,True,False,687843,200,185,0.134003126842227,347.17675495147705,1.7328602409362792,0,v7,"[0.25, 4.0]",mps,xi2_only,1,manuscript_phase1/data/ablation_v10_xi2_only_seed1/dataset.npz,a7_xi2_only_ds1,2026-09-14T00:49:06.453025+00:00
5a,v7,42,v10,extended,30,200,20,0.3,0.0,186,patience,False,False,687843,186,152,0.1325812281599349,321.3840000629425,1.7241223858248802,0,v7,"[0.25, 4.0]",mps,xi2_only,2,manuscript_phase1/data/ablation_v10_xi2_only_seed2/dataset.npz,a7_xi2_only_ds2,2026-09-14T00:54:43.561986+00:00
5a,v7,43,v10,extended,30,200,20,0.3,0.0,90,patience,False,False,687843,90,83,0.1606589030684383,155.35380458831787,1.7222460402382744,0,v7,"[0.25, 4.0]",mps,xi2_only,2,manuscript_phase1/data/ablation_v10_xi2_only_seed2/dataset.npz,a7_xi2_only_ds2,2026-09-14T00:57:18.973101+00:00
5a,v7,44,v10,extended,30,200,20,0.3,0.0,200,cap,True,False,687843,200,190,0.1326195123259125,345.38430404663086,1.7231683480739592,0,v7,"[0.25, 4.0]",mps,xi2_only,2,manuscript_phase1/data/ablation_v10_xi2_only_seed2/dataset.npz,a7_xi2_only_ds2,2026-09-14T01:03:04.422163+00:00
5a,v7,42,v10,extended,30,200,20,0.3,0.0,200,cap,True,False,687843,200,187,0.2010874009569277,341.89799976348877,1.7061347043514252,0,v7,"[0.25, 4.0]",mps,both,0,manuscript_phase1/data/ablation_v10_both_seed0/dataset.npz,a7_both_ds0,2026-09-14T01:09:00.464192+00:00
5a,v7,43,v10,extended,30,200,20,0.3,0.0,200,cap,True,False,687843,200,185,0.2090571948159467,342.0033702850342,1.7067144525051117,0,v7,"[0.25, 4.0]",mps,both,0,manuscript_phase1/data/ablation_v10_both_seed0/dataset.npz,a7_both_ds0,2026-09-14T01:14:42.531301+00:00
5a,v7,44,v10,extended,30,200,20,0.3,0.0,200,cap,True,False,687843,200,185,0.1965572901092851,341.26988792419434,1.7030965447425843,0,v7,"[0.25, 4.0]",mps,both,0,manuscript_phase1/data/ablation_v10_both_seed0/dataset.npz,a7_both_ds0,2026-09-14T01:20:23.879486+00:00
cnn,v7,42,v10,extended,30,200,20,0.3,0.0,200,cap,True,False,614979,200,139,0.2037495103519092,141.65240812301636,0.7073884689807892,0,v7,"[0.25, 4.0]",mps,both,0,manuscript_phase1/data/ablation_v10_both_seed0/dataset.npz,a7_both_ds0,2026-09-14T01:22:45.600566+00:00
cnn,v7,43,v10,extended,30,200,20,0.3,0.0,200,cap,True,False,614979,200,185,0.1976647791222171,141.90082788467407,0.7085065591335297,0,v7,"[0.25, 4.0]",mps,both,0,manuscript_phase1/data/ablation_v10_both_seed0/dataset.npz,a7_both_ds0,2026-09-14T01:25:07.566061+00:00
cnn,v7,44,v10,extended,30,200,20,0.3,0.0,166,patience,False,False,614979,166,126,0.2065256324796443,117.4356439113617,0.7061640110360571,0,v7,"[0.25, 4.0]",mps,both,0,manuscript_phase1/data/ablation_v10_both_seed0/dataset.npz,a7_both_ds0,2026-09-14T01:27:05.071877+00:00
5a,v7,42,v10,extended,30,200,20,0.3,0.0,193,patience,False,False,687843,193,167,0.2113152530285426,333.51597595214844,1.7240151000146422,0,v7,"[0.25, 4.0]",mps,both,1,manuscript_phase1/data/ablation_v10_both_seed1/dataset.npz,a7_both_ds1,2026-09-14T01:33:00.334274+00:00
5a,v7,43,v10,extended,30,200,20,0.3,0.0,200,cap,True,False,687843,200,187,0.2217669824691709,344.6871829032898,1.720411286354065,0,v7,"[0.25, 4.0]",mps,both,1,manuscript_phase1/data/ablation_v10_both_seed1/dataset.npz,a7_both_ds1,2026-09-14T01:38:45.087898+00:00
5a,v7,44,v10,extended,30,200,20,0.3,0.0,200,cap,True,False,687843,200,165,0.2122343641998301,345.14203906059265,1.7222489857673644,0,v7,"[0.25, 4.0]",mps,both,1,manuscript_phase1/data/ablation_v10_both_seed1/dataset.npz,a7_both_ds1,2026-09-14T01:44:30.302275+00:00
cnn,v7,42,v10,extended,30,200,20,0.3,0.0,160,patience,False,False,614979,160,137,0.2208510431851554,113.6977288722992,0.7091759636998176,0,v7,"[0.25, 4.0]",mps,both,1,manuscript_phase1/data/ablation_v10_both_seed1/dataset.npz,a7_both_ds1,2026-09-14T01:46:24.074112+00:00
cnn,v7,43,v10,extended,30,200,20,0.3,0.0,200,cap,True,False,614979,200,122,0.2141635550223806,141.54137325286865,0.7067724096775055,0,v7,"[0.25, 4.0]",mps,both,1,manuscript_phase1/data/ablation_v10_both_seed1/dataset.npz,a7_both_ds1,2026-09-14T01:48:45.685437+00:00
cnn,v7,44,v10,extended,30,200,20,0.3,0.0,196,patience,False,False,614979,196,180,0.2230585114258974,138.7126750946045,0.7067883793188601,0,v7,"[0.25, 4.0]",mps,both,1,manuscript_phase1/data/ablation_v10_both_seed1/dataset.npz,a7_both_ds1,2026-09-14T01:51:04.448398+00:00
5a,v7,42,v10,extended,30,200,20,0.3,0.0,199,patience,False,False,687843,199,143,0.2069805886980062,346.6424171924591,1.7391308384325035,0,v7,"[0.25, 4.0]",mps,both,2,manuscript_phase1/data/ablation_v10_both_seed2/dataset.npz,a7_both_ds2,2026-09-14T01:56:56.786552+00:00
5a,v7,43,v10,extended,30,200,20,0.3,0.0,169,patience,False,False,687843,169,149,0.2016348698306996,294.6613578796387,1.7403413628685405,0,v7,"[0.25, 4.0]",mps,both,2,manuscript_phase1/data/ablation_v10_both_seed2/dataset.npz,a7_both_ds2,2026-09-14T02:01:51.473322+00:00
5a,v7,44,v10,extended,30,200,20,0.3,0.0,200,cap,True,False,687843,200,156,0.1992745444188322,348.52610206604004,1.739527132511139,0,v7,"[0.25, 4.0]",mps,both,2,manuscript_phase1/data/ablation_v10_both_seed2/dataset.npz,a7_both_ds2,2026-09-14T02:07:40.077824+00:00
cnn,v7,42,v10,extended,30,200,20,0.3,0.0,163,patience,False,False,614979,163,143,0.1981225311270176,115.79403233528136,0.7087783535565335,0,v7,"[0.25, 4.0]",mps,both,2,manuscript_phase1/data/ablation_v10_both_seed2/dataset.npz,a7_both_ds2,2026-09-14T02:09:35.889747+00:00
cnn,v7,43,v10,extended,30,200,20,0.3,0.0,200,cap,True,False,614979,200,167,0.1982603213177291,141.6961531639099,0.7071895241737366,0,v7,"[0.25, 4.0]",mps,both,2,manuscript_phase1/data/ablation_v10_both_seed2/dataset.npz,a7_both_ds2,2026-09-14T02:11:57.647553+00:00
cnn,v7,44,v10,extended,30,200,20,0.3,0.0,143,patience,False,False,614979,143,123,0.2039496499337795,101.4852180480957,0.7082166621735045,0,v7,"[0.25, 4.0]",mps,both,2,manuscript_phase1/data/ablation_v10_both_seed2/dataset.npz,a7_both_ds2,2026-09-14T02:13:39.195301+00:00
5a,v7,42,v10,extended,30,200,20,0.3,0.0,200,cap,True,False,687843,200,143,0.2033159220455067,348.3430938720703,1.7386969029903412,0,v7,"[0.25, 4.0]",mps,alpha_per_mode,0,manuscript_phase1/data/ablation_v10_alpha_per_mode_seed0/dataset.npz,a7_alpha_per_mode_ds0,2026-09-14T02:19:32.512372+00:00
5a,v7,43,v10,extended,30,200,20,0.3,0.0,200,cap,True,False,687843,200,161,0.2168135470296461,348.07852816581726,1.7377138936519625,0,v7,"[0.25, 4.0]",mps,alpha_per_mode,0,manuscript_phase1/data/ablation_v10_alpha_per_mode_seed0/dataset.npz,a7_alpha_per_mode_ds0,2026-09-14T02:25:20.660547+00:00
5a,v7,44,v10,extended,30,200,20,0.3,0.0,200,cap,True,False,687843,200,165,0.2018542808317564,348.9096488952637,1.74153945684433,0,v7,"[0.25, 4.0]",mps,alpha_per_mode,0,manuscript_phase1/data/ablation_v10_alpha_per_mode_seed0/dataset.npz,a7_alpha_per_mode_ds0,2026-09-14T02:31:09.600355+00:00
cnn,v7,42,v10,extended,30,200,20,0.3,0.0,200,cap,True,False,614979,200,167,0.2122157222001006,141.79196405410767,0.7080678975582123,0,v7,"[0.25, 4.0]",mps,alpha_per_mode,0,manuscript_phase1/data/ablation_v10_alpha_per_mode_seed0/dataset.npz,a7_alpha_per_mode_ds0,2026-09-14T02:33:31.457128+00:00
cnn,v7,43,v10,extended,30,200,20,0.3,0.0,200,cap,True,False,614979,200,173,0.2121471642381982,141.69007205963135,0.7075989389419556,0,v7,"[0.25, 4.0]",mps,alpha_per_mode,0,manuscript_phase1/data/ablation_v10_alpha_per_mode_seed0/dataset.npz,a7_alpha_per_mode_ds0,2026-09-14T02:35:53.218743+00:00
cnn,v7,44,v10,extended,30,200,20,0.3,0.0,200,cap,True,False,614979,200,145,0.2113560753777409,141.61006784439087,0.7069501090049743,0,v7,"[0.25, 4.0]",mps,alpha_per_mode,0,manuscript_phase1/data/ablation_v10_alpha_per_mode_seed0/dataset.npz,a7_alpha_per_mode_ds0,2026-09-14T02:38:14.847143+00:00
5a,v7,42,v10,extended,30,200,20,0.3,0.0,200,cap,True,False,687843,200,164,0.2046576882144193,345.98399782180786,1.7263904047012328,0,v7,"[0.25, 4.0]",mps,alpha_per_mode,1,manuscript_phase1/data/ablation_v10_alpha_per_mode_seed1/dataset.npz,a7_alpha_per_mode_ds1,2026-09-14T02:44:25.029632+00:00
5a,v7,43,v10,extended,30,200,20,0.3,0.0,138,patience,False,False,687843,138,118,0.2193878381264062,238.4792890548706,1.72541900648587,0,v7,"[0.25, 4.0]",mps,alpha_per_mode,1,manuscript_phase1/data/ablation_v10_alpha_per_mode_seed1/dataset.npz,a7_alpha_per_mode_ds1,2026-09-14T02:48:23.584081+00:00
5a,v7,44,v10,extended,30,200,20,0.3,0.0,200,cap,True,False,687843,200,167,0.1943293132213181,345.0608048439026,1.7222939765453338,0,v7,"[0.25, 4.0]",mps,alpha_per_mode,1,manuscript_phase1/data/ablation_v10_alpha_per_mode_seed1/dataset.npz,a7_alpha_per_mode_ds1,2026-09-14T02:54:08.721654+00:00
cnn,v7,42,v10,extended,30,200,20,0.3,0.0,200,cap,True,False,614979,200,175,0.2083901418544865,141.92320108413696,0.7085813081264496,0,v7,"[0.25, 4.0]",mps,alpha_per_mode,1,manuscript_phase1/data/ablation_v10_alpha_per_mode_seed1/dataset.npz,a7_alpha_per_mode_ds1,2026-09-14T02:56:30.699191+00:00
cnn,v7,43,v10,extended,30,200,20,0.3,0.0,200,cap,True,False,614979,200,158,0.205422128033821,141.6641547679901,0.7072116601467132,0,v7,"[0.25, 4.0]",mps,alpha_per_mode,1,manuscript_phase1/data/ablation_v10_alpha_per_mode_seed1/dataset.npz,a7_alpha_per_mode_ds1,2026-09-14T02:58:52.424084+00:00
cnn,v7,44,v10,extended,30,200,20,0.3,0.0,194,patience,False,False,614979,194,162,0.2031240100386958,137.38957285881042,0.7071595093638626,0,v7,"[0.25, 4.0]",mps,alpha_per_mode,1,manuscript_phase1/data/ablation_v10_alpha_per_mode_seed1/dataset.npz,a7_alpha_per_mode_ds1,2026-09-14T03:01:09.830483+00:00
5a,v7,42,v10,extended,30,200,20,0.3,0.0,200,cap,True,False,687843,200,174,0.2036905394871515,342.72581720352173,1.7102327418327332,0,v7,"[0.25, 4.0]",mps,alpha_per_mode,2,manuscript_phase1/data/ablation_v10_alpha_per_mode_seed2/dataset.npz,a7_alpha_per_mode_ds2,2026-09-14T03:07:16.590849+00:00
5a,v7,43,v10,extended,30,200,20,0.3,0.0,200,cap,True,False,687843,200,177,0.2083602634546936,341.8332419395447,1.7060568857192993,0,v7,"[0.25, 4.0]",mps,alpha_per_mode,2,manuscript_phase1/data/ablation_v10_alpha_per_mode_seed2/dataset.npz,a7_alpha_per_mode_ds2,2026-09-14T03:12:58.448285+00:00
5a,v7,44,v10,extended,30,200,20,0.3,0.0,200,cap,True,False,687843,200,163,0.1929333771299057,341.6372928619385,1.7051300084590912,0,v7,"[0.25, 4.0]",mps,alpha_per_mode,2,manuscript_phase1/data/ablation_v10_alpha_per_mode_seed2/dataset.npz,a7_alpha_per_mode_ds2,2026-09-14T03:18:40.166667+00:00
cnn,v7,42,v10,extended,30,200,20,0.3,0.0,191,patience,False,False,614979,191,142,0.2035849434520028,135.64115595817566,0.70888903627845,0,v7,"[0.25, 4.0]",mps,alpha_per_mode,2,manuscript_phase1/data/ablation_v10_alpha_per_mode_seed2/dataset.npz,a7_alpha_per_mode_ds2,2026-09-14T03:20:55.869046+00:00
cnn,v7,43,v10,extended,30,200,20,0.3,0.0,167,patience,False,False,614979,167,145,0.1920623133618631,118.4264566898346,0.7077359924773257,0,v7,"[0.25, 4.0]",mps,alpha_per_mode,2,manuscript_phase1/data/ablation_v10_alpha_per_mode_seed2/dataset.npz,a7_alpha_per_mode_ds2,2026-09-14T03:22:54.312995+00:00
cnn,v7,44,v10,extended,30,200,20,0.3,0.0,198,patience,False,False,614979,198,143,0.2100418733809107,140.41030073165894,0.7082918786039256,0,v7,"[0.25, 4.0]",mps,alpha_per_mode,2,manuscript_phase1/data/ablation_v10_alpha_per_mode_seed2/dataset.npz,a7_alpha_per_mode_ds2,2026-09-14T03:25:14.781755+00:00
