dataset_version,method,severity,N,MAE_logM,reference_model,vs_ref_diff,vs_ref_lo,vs_ref_hi,vs_metadata_diff,vs_metadata_lo,vs_metadata_hi,beats_metadata_95CI,beats_reference_95CI
v10,metadata_mlp_l1,0.25,500,0.6423995677075349,ST-5a,-1.55431914122454,-1.7518123950473918,-1.3547097925612221,0.0,0.0,0.0,False,True
v10,dho_single,0.25,500,2.9777325776618726,ST-5a,0.7810138687297978,0.6743636939526987,0.8843818614422783,2.3353330099543377,2.158670500685268,2.522259565504455,False,False
v10,dho_single_win,0.25,500,0.7421709461958939,ST-5a,-1.4545477627361811,-1.647889747527406,-1.2549755496823536,0.09977137848835894,0.01031059526556441,0.18138587418097257,False,True
v10,dho_single_track,0.25,500,1.0162671310173694,ST-5a,-1.1804515779147058,-1.3953848301908158,-0.965920083153521,0.3738675633098344,0.26781204571442185,0.49018481149620696,False,True
v10,dho_two_mode,0.25,500,2.632311031715376,ST-5a,0.4355923227833012,0.315861867090676,0.5689878037023021,1.9899114640078415,1.790488403917106,2.176031923327845,False,False
v10,dho_matched,0.25,500,0.13960794786938444,ST-5a,-2.057110761062691,-2.2441584094717544,-1.8752092752216918,-0.5027916198381505,-0.5640185191627809,-0.4380775221310033,True,True
v10,feat_gbm,0.25,500,0.22448081990977023,ST-5a,-1.972237889022305,-2.1582654785133237,-1.7941493954693022,-0.4179187477977647,-0.4780534631909299,-0.35924280182667095,True,True
v10,ST-5a,0.25,500,2.196718708932075,ST-5a,0.0,0.0,0.0,1.55431914122454,1.358977781448587,1.744660864092745,False,False
v10,ST-5b,0.25,500,1.617006960323353,ST-5a,-0.579711748608722,-0.6536213837598033,-0.5044341838037877,0.9746073926158182,0.8219807597530817,1.1308897753692253,False,True
v10,dho_matched_prior,0.25,500,0.42022747586699327,ST-5a,-1.7764912330650817,-1.9659460627727117,-1.5968670739580362,-0.22217209184054168,-0.25582847438941597,-0.18865185892216135,True,True
v10,metadata_mlp_l1,0.5,500,0.6423995677075349,ST-5a,-1.5187775117657334,-1.7051355534793435,-1.3329625799134524,0.0,0.0,0.0,False,True
v10,dho_single,0.5,500,2.8220293208146727,ST-5a,0.6608522413414046,0.548583132871388,0.76698805732743,2.179629753107138,2.0061257912018506,2.3570708310991204,False,False
v10,dho_single_win,0.5,500,0.810624276048351,ST-5a,-1.3505528034249172,-1.5407731959520028,-1.149851383256682,0.16822470834081615,0.06970499320776027,0.26328253047692396,False,True
v10,dho_single_track,0.5,500,1.0037822759986545,ST-5a,-1.1573948034746135,-1.3719546113440046,-0.948712047024112,0.36138270829111974,0.25932831565756437,0.47595234328706454,False,True
v10,dho_two_mode,0.5,500,2.54168024227955,ST-5a,0.3805031628062811,0.26005143006605363,0.49880400472752107,1.8992806745720145,1.7323754893250527,2.087607420344347,False,False
v10,dho_matched,0.5,500,0.28566562357530983,ST-5a,-1.8755114558979584,-2.059619825973065,-1.6911283063910545,-0.3567339441322251,-0.43043245097443195,-0.27802735407380563,True,True
v10,feat_gbm,0.5,500,0.2579580396248698,ST-5a,-1.9032190398483986,-2.08083845513737,-1.724250064465345,-0.3844415280826651,-0.44632575682838904,-0.326304425049847,True,True
v10,ST-5a,0.5,500,2.1611770794732683,ST-5a,0.0,0.0,0.0,1.5187775117657334,1.3368713369717784,1.7032239955110757,False,False
v10,ST-5b,0.5,500,1.5174997463209583,ST-5a,-0.6436773331523098,-0.7253730907590427,-0.5570880990752681,0.8751001786134236,0.7335643953474881,1.019914253897663,False,True
v10,dho_matched_prior,0.5,500,0.4394067665293486,ST-5a,-1.7217703129439197,-1.8976175735654872,-1.5295249076456552,-0.20299280117818624,-0.23624685158653103,-0.17067022235860196,True,True
v10,metadata_mlp_l1,1.0,500,0.6423995677075349,ST-5a,-1.4221545243315261,-1.5992084606524626,-1.2523157614194957,0.0,0.0,0.0,False,True
v10,dho_single,1.0,500,2.391140343473645,ST-5a,0.32658625143458464,0.18461433248430065,0.469018129660868,1.7487407757661106,1.5867777072193534,1.902235922224269,False,False
v10,dho_single_win,1.0,500,0.7785686278916639,ST-5a,-1.285985464147397,-1.4692888126786585,-1.1160380357388358,0.13616906018412897,0.05277301715097931,0.22979873067726606,False,True
v10,dho_single_track,1.0,500,0.986040267066491,ST-5a,-1.0785138249725699,-1.2666454563435348,-0.9000767061227465,0.34364069935895614,0.25431494853756226,0.42930974805942834,False,True
v10,dho_two_mode,1.0,500,2.367179971586005,ST-5a,0.3026258795469447,0.17848743093561673,0.43309473637780016,1.7247804038784706,1.550454797372149,1.9011335857387,False,False
v10,dho_matched,1.0,500,0.4486183731896598,ST-5a,-1.6159357188494015,-1.790158172579003,-1.4367380195281072,-0.1937811945178751,-0.2694433068630012,-0.13036221887125496,True,True
v10,feat_gbm,1.0,500,0.3271959560656901,ST-5a,-1.7373581359733707,-1.8946930860357456,-1.5744977742524113,-0.31520361164184474,-0.3787337855081065,-0.2575141096265265,True,True
v10,ST-5a,1.0,500,2.064554092039061,ST-5a,0.0,0.0,0.0,1.4221545243315261,1.2609868690376058,1.5824390716831802,False,False
v10,ST-5b,1.0,500,1.4508407612070282,ST-5a,-0.6137133308320327,-0.7042433514765207,-0.5255995552414902,0.8084411934994934,0.687029636818657,0.9342253289873622,False,True
v10,dho_matched_prior,1.0,500,0.4669123783389067,ST-5a,-1.5976417137001542,-1.7760682889353827,-1.4235608687263923,-0.1754871893686282,-0.21219004123530089,-0.14405686270624393,True,True
v10,metadata_mlp_l1,2.0,500,0.6423995677075349,ST-5a,-1.2382108899566264,-1.3895591969415277,-1.0970499004957721,0.0,0.0,0.0,False,True
v10,dho_single,2.0,500,1.800257277178302,ST-5a,-0.08035318048585953,-0.23840939045888634,0.060053693218201615,1.1578577094707674,1.0080807956378066,1.307173079147146,False,False
v10,dho_single_win,2.0,500,0.8339386056932674,ST-5a,-1.046671851970894,-1.2145032189891358,-0.8766281195194364,0.1915390379857325,0.09378653137946452,0.3011071669519204,False,True
v10,dho_single_track,2.0,500,1.166393750129382,ST-5a,-0.7142167075347796,-0.902954683389636,-0.5384248148543253,0.523994182421847,0.40766097656015016,0.6454651437741793,False,True
v10,dho_two_mode,2.0,500,2.165743658931983,ST-5a,0.2851332012678216,0.15720357205379312,0.4098217328838246,1.5233440912244482,1.3638231989088447,1.6832953234249441,False,False
v10,dho_matched,2.0,500,0.691737030479781,ST-5a,-1.1888734271843804,-1.3521578826997767,-1.0333798843506916,0.04933746277224602,-0.027316510440248402,0.13265338322704226,False,True
v10,feat_gbm,2.0,500,0.46750428550866363,ST-5a,-1.4131061721554978,-1.5712754089745777,-1.2673591361615384,-0.17489528219887127,-0.23825121594847798,-0.11839618484985574,True,True
v10,ST-5a,2.0,500,1.8806104576641614,ST-5a,0.0,0.0,0.0,1.2382108899566264,1.0810897433108468,1.3885259538467756,False,False
v10,ST-5b,2.0,500,1.367922115331961,ST-5a,-0.5126883423322008,-0.6059185911219217,-0.42383740885075744,0.7255225476244259,0.6241913498512784,0.8303925118583058,False,True
v10,dho_matched_prior,2.0,500,0.5422414391174173,ST-5a,-1.3383690185467445,-1.4915246831209958,-1.1831936359475774,-0.1001581285901176,-0.13438303061280302,-0.07158853364158152,True,True
v10,metadata_mlp_l1,4.0,500,0.6423995677075349,ST-5a,-1.0125622690224487,-1.1517219655565107,-0.873436160828341,0.0,0.0,0.0,False,True
v10,dho_single,4.0,500,1.4296606353474162,ST-5a,-0.22530120138256737,-0.3745081675569962,-0.0674483657204084,0.7872610676398812,0.6747588244510003,0.9103994782352387,False,True
v10,dho_single_win,4.0,500,1.0057354083579635,ST-5a,-0.6492264283720199,-0.7962725472886476,-0.502539879813385,0.36333584065042873,0.2755019654172571,0.46636662672965357,False,True
v10,dho_single_track,4.0,500,1.3962785022780553,ST-5a,-0.2586833344519279,-0.4261727870642608,-0.07724636400925165,0.7538789345705207,0.6161727931996058,0.8998072687810429,False,True
v10,dho_two_mode,4.0,500,2.0691028298248293,ST-5a,0.41414099309484553,0.2551162458835039,0.5801301103951858,1.4267032621172941,1.2789757927066225,1.5805657943407354,False,False
v10,dho_matched,4.0,500,1.017240080069109,ST-5a,-0.6377217566608744,-0.7887831673956038,-0.48018882658801537,0.3748405123615743,0.2834738691923909,0.46561826011198376,False,True
v10,feat_gbm,4.0,500,0.7596082916767671,ST-5a,-0.8953535450532163,-1.015283529609618,-0.7811502328478456,0.11720872396923232,0.047544580566400714,0.18576948358923312,False,True
v10,ST-5a,4.0,500,1.6549618367299834,ST-5a,0.0,0.0,0.0,1.0125622690224487,0.8821231257880279,1.1492936396469793,False,False
v10,ST-5b,4.0,500,1.3875782371441456,ST-5a,-0.26738359958583796,-0.3611080828246571,-0.17482033282990586,0.7451786694366107,0.6392029217230009,0.8442654946293706,False,True
v10,dho_matched_prior,4.0,500,0.6617197589929458,ST-5a,-0.9932420777370377,-1.1184911818693473,-0.8683137801860442,0.019320191285410872,-0.021003527721546355,0.059850955126070006,False,True
