arch,protocol,seed,dataset_version,stopping_protocol,min_epochs,max_epochs,patience,ema_alpha,stop_epoch,stop_reason,cap_hit,best_within_5_of_cap,n_parameters,epochs_trained,best_epoch,best_val_MAE_logM,wall_time_sec,mean_epoch_sec,severity_sampling_seed,train_severity_protocol,train_severity_range,device,cap_override,git_commit,generator_file_sha256,dataset,date_utc,torch
5a,v7,42,v8,extended,30,300,20,0.3,166,patience,False,False,687843,166,146,0.2947349983047876,289.65986609458923,1.7425406036606754,0,v7,"[0.25, 4.0]",mps,300,997f2a0e1fe6431497da000c017528cc6a83b21d,9e68bfede827fe51b43b2a5e5ed6786d125c549a01b8b1c0f0b48d9be808d502,manuscript_phase1/data/full_dataset_phase1_v8/dataset.npz,2026-09-06T12:43:20.527254+00:00,2.14.0
5a,v7,45,v8,extended,30,300,20,0.3,91,patience,False,False,687843,91,82,0.3077347076307005,155.07492303848267,1.700888020651681,0,v7,"[0.25, 4.0]",mps,300,997f2a0e1fe6431497da000c017528cc6a83b21d,9e68bfede827fe51b43b2a5e5ed6786d125c549a01b8b1c0f0b48d9be808d502,manuscript_phase1/data/full_dataset_phase1_v8/dataset.npz,2026-09-06T12:45:55.697401+00:00,2.14.0
5a,v7,46,v8,extended,30,300,20,0.3,214,patience,False,False,687843,214,179,0.27364816809715486,363.24278497695923,1.6949828283809056,0,v7,"[0.25, 4.0]",mps,300,997f2a0e1fe6431497da000c017528cc6a83b21d,9e68bfede827fe51b43b2a5e5ed6786d125c549a01b8b1c0f0b48d9be808d502,manuscript_phase1/data/full_dataset_phase1_v8/dataset.npz,2026-09-06T12:51:59.075839+00:00,2.14.0
5b,v7,42,v8,extended,30,300,20,0.3,238,patience,False,False,686787,238,201,0.4134478816249344,403.90733885765076,1.694009818950621,0,v7,"[0.25, 4.0]",mps,300,997f2a0e1fe6431497da000c017528cc6a83b21d,9e68bfede827fe51b43b2a5e5ed6786d125c549a01b8b1c0f0b48d9be808d502,manuscript_phase1/data/full_dataset_phase1_v8/dataset.npz,2026-09-06T12:58:43.148389+00:00,2.14.0
5b,v7,45,v8,extended,30,300,20,0.3,209,patience,False,False,686787,209,181,0.37404463731073323,356.0457992553711,1.7010882220199803,0,v7,"[0.25, 4.0]",mps,300,997f2a0e1fe6431497da000c017528cc6a83b21d,9e68bfede827fe51b43b2a5e5ed6786d125c549a01b8b1c0f0b48d9be808d502,manuscript_phase1/data/full_dataset_phase1_v8/dataset.npz,2026-09-06T13:04:39.331168+00:00,2.14.0
fusion,v7,42,v8,extended,30,300,20,0.3,203,patience,False,False,697734,203,202,0.24491732560666646,345.2803430557251,1.698628535998866,0,v7,"[0.25, 4.0]",mps,300,997f2a0e1fe6431497da000c017528cc6a83b21d,9e68bfede827fe51b43b2a5e5ed6786d125c549a01b8b1c0f0b48d9be808d502,manuscript_phase1/data/full_dataset_phase1_v8/dataset.npz,2026-09-06T13:10:24.751450+00:00,2.14.0
fusion,v7,43,v8,extended,30,300,20,0.3,241,patience,False,False,697734,241,221,0.23677084509300722,410.6881296634674,1.7016804485400188,0,v7,"[0.25, 4.0]",mps,300,997f2a0e1fe6431497da000c017528cc6a83b21d,9e68bfede827fe51b43b2a5e5ed6786d125c549a01b8b1c0f0b48d9be808d502,manuscript_phase1/data/full_dataset_phase1_v8/dataset.npz,2026-09-06T13:17:15.578583+00:00,2.14.0
fusion,v7,44,v8,extended,30,300,20,0.3,199,patience,False,False,697734,199,178,0.26162542527419214,338.0808560848236,1.695675105904814,0,v7,"[0.25, 4.0]",mps,300,997f2a0e1fe6431497da000c017528cc6a83b21d,9e68bfede827fe51b43b2a5e5ed6786d125c549a01b8b1c0f0b48d9be808d502,manuscript_phase1/data/full_dataset_phase1_v8/dataset.npz,2026-09-06T13:22:53.784508+00:00,2.14.0
fusion,v7,45,v8,extended,30,300,20,0.3,227,patience,False,False,697734,227,205,0.24428633022313978,391.87229585647583,1.7238910775877831,0,v7,"[0.25, 4.0]",mps,300,997f2a0e1fe6431497da000c017528cc6a83b21d,9e68bfede827fe51b43b2a5e5ed6786d125c549a01b8b1c0f0b48d9be808d502,manuscript_phase1/data/full_dataset_phase1_v8/dataset.npz,2026-09-06T13:29:25.799183+00:00,2.14.0
fusion,v7,46,v8,extended,30,300,20,0.3,183,patience,False,False,697734,183,176,0.24592228497947127,313.6988649368286,1.7107410808729995,0,v7,"[0.25, 4.0]",mps,300,997f2a0e1fe6431497da000c017528cc6a83b21d,9e68bfede827fe51b43b2a5e5ed6786d125c549a01b8b1c0f0b48d9be808d502,manuscript_phase1/data/full_dataset_phase1_v8/dataset.npz,2026-09-06T13:34:39.614081+00:00,2.14.0
cnn,v7,44,v8,extended,30,300,20,0.3,107,patience,False,False,614979,107,73,0.23798123529078177,76.13156509399414,0.7102738897377086,0,v7,"[0.25, 4.0]",mps,300,997f2a0e1fe6431497da000c017528cc6a83b21d,9e68bfede827fe51b43b2a5e5ed6786d125c549a01b8b1c0f0b48d9be808d502,manuscript_phase1/data/full_dataset_phase1_v8/dataset.npz,2026-09-06T13:35:55.870004+00:00,2.14.0
cnn,v7,46,v8,extended,30,300,20,0.3,41,patience,False,False,614979,41,40,0.2953218661538628,29.110732793807983,0.7076556508134051,0,v7,"[0.25, 4.0]",mps,300,997f2a0e1fe6431497da000c017528cc6a83b21d,9e68bfede827fe51b43b2a5e5ed6786d125c549a01b8b1c0f0b48d9be808d502,manuscript_phase1/data/full_dataset_phase1_v8/dataset.npz,2026-09-06T13:36:25.087691+00:00,2.14.0
5a,fixed1,42,v8,extended,30,300,20,0.3,279,patience,False,False,687843,279,257,0.22575363638996906,485.7389450073242,1.7385186226137224,0,fixed1,"[1.0, 1.0]",mps,300,997f2a0e1fe6431497da000c017528cc6a83b21d,9e68bfede827fe51b43b2a5e5ed6786d125c549a01b8b1c0f0b48d9be808d502,manuscript_phase1/data/full_dataset_phase1_v8/dataset.npz,2026-09-06T13:44:32.004370+00:00,2.14.0
5a,fixed1,43,v8,extended,30,300,20,0.3,220,patience,False,False,687843,220,199,0.2456612236018588,378.3750388622284,1.7175956509330057,0,fixed1,"[1.0, 1.0]",mps,300,997f2a0e1fe6431497da000c017528cc6a83b21d,9e68bfede827fe51b43b2a5e5ed6786d125c549a01b8b1c0f0b48d9be808d502,manuscript_phase1/data/full_dataset_phase1_v8/dataset.npz,2026-09-06T13:50:50.581817+00:00,2.14.0
5a,fixed1,44,v8,extended,30,300,20,0.3,116,patience,False,False,687843,116,94,0.2657792556240746,199.05224609375,1.713011018161116,0,fixed1,"[1.0, 1.0]",mps,300,997f2a0e1fe6431497da000c017528cc6a83b21d,9e68bfede827fe51b43b2a5e5ed6786d125c549a01b8b1c0f0b48d9be808d502,manuscript_phase1/data/full_dataset_phase1_v8/dataset.npz,2026-09-06T13:54:09.760821+00:00,2.14.0
5a,low,42,v8,extended,30,300,20,0.3,170,patience,False,False,687843,170,150,0.2845451869626603,294.4118378162384,1.7288054802838493,0,low,"[0.25, 1.0]",mps,300,997f2a0e1fe6431497da000c017528cc6a83b21d,9e68bfede827fe51b43b2a5e5ed6786d125c549a01b8b1c0f0b48d9be808d502,manuscript_phase1/data/full_dataset_phase1_v8/dataset.npz,2026-09-06T13:59:05.319938+00:00,2.14.0
5a,low,43,v8,extended,30,300,20,0.3,125,patience,False,False,687843,125,118,0.29613917324939665,215.11310410499573,1.7181376209259034,0,low,"[0.25, 1.0]",mps,300,997f2a0e1fe6431497da000c017528cc6a83b21d,9e68bfede827fe51b43b2a5e5ed6786d125c549a01b8b1c0f0b48d9be808d502,manuscript_phase1/data/full_dataset_phase1_v8/dataset.npz,2026-09-06T14:02:40.560543+00:00,2.14.0
fusion,fixed1,42,v8,extended,30,300,20,0.3,263,patience,False,False,697734,263,242,0.2099775768417283,448.8105659484863,1.7039433341515835,0,fixed1,"[1.0, 1.0]",mps,300,997f2a0e1fe6431497da000c017528cc6a83b21d,9e68bfede827fe51b43b2a5e5ed6786d125c549a01b8b1c0f0b48d9be808d502,manuscript_phase1/data/full_dataset_phase1_v8/dataset.npz,2026-09-06T14:10:09.514960+00:00,2.14.0
fusion,fixed1,43,v8,extended,30,300,20,0.3,300,cap,True,False,697734,300,247,0.20203194752524298,512.048994064331,1.7045099568367004,0,fixed1,"[1.0, 1.0]",mps,300,997f2a0e1fe6431497da000c017528cc6a83b21d,9e68bfede827fe51b43b2a5e5ed6786d125c549a01b8b1c0f0b48d9be808d502,manuscript_phase1/data/full_dataset_phase1_v8/dataset.npz,2026-09-06T14:18:41.693045+00:00,2.14.0
fusion,fixed1,44,v8,extended,30,300,20,0.3,72,patience,False,False,697734,72,68,0.2782124704677367,126.04834985733032,1.7466618749830458,0,fixed1,"[1.0, 1.0]",mps,300,997f2a0e1fe6431497da000c017528cc6a83b21d,9e68bfede827fe51b43b2a5e5ed6786d125c549a01b8b1c0f0b48d9be808d502,manuscript_phase1/data/full_dataset_phase1_v8/dataset.npz,2026-09-06T14:20:47.887555+00:00,2.14.0
