arch,protocol,seed,dataset_version,n_parameters,epochs_trained,best_epoch,best_val_MAE_logM,wall_time_sec,mean_epoch_sec,severity_sampling_seed,train_severity_protocol,train_severity_range,device,control
5a,v7,42,v7_generator_semantics,687843,100,96,0.2937820493144899,169.83665895462036,1.6935191869735717,0,v7,"[0.25, 4.0]",mps,buggy_bose
5a,v7,43,v7_generator_semantics,687843,52,42,0.32760031928699357,88.6742467880249,1.7018750585042512,0,v7,"[0.25, 4.0]",mps,buggy_bose
5a,v7,44,v7_generator_semantics,687843,33,23,0.3884790100879819,56.27887201309204,1.7000439456014922,0,v7,"[0.25, 4.0]",mps,buggy_bose
5a,v7,45,v7_generator_semantics,687843,100,94,0.2826031969242596,170.07539772987366,1.6967569422721862,0,v7,"[0.25, 4.0]",mps,buggy_bose
5a,v7,46,v7_generator_semantics,687843,91,81,0.302201022781406,154.8463490009308,1.697117147864876,0,v7,"[0.25, 4.0]",mps,buggy_bose
5b,v7,42,v7_generator_semantics,686787,58,48,0.43029681700393524,98.18773579597473,1.6863803699098785,0,v7,"[0.25, 4.0]",mps,buggy_bose
5b,v7,43,v7_generator_semantics,686787,60,50,0.3833909967480121,102.734699010849,1.7077669103940327,0,v7,"[0.25, 4.0]",mps,buggy_bose
5b,v7,44,v7_generator_semantics,686787,100,92,0.40893727663896745,169.2379870414734,1.688052577972412,0,v7,"[0.25, 4.0]",mps,buggy_bose
5b,v7,45,v7_generator_semantics,686787,46,36,0.42372170860387337,78.4012382030487,1.6967491326124773,0,v7,"[0.25, 4.0]",mps,buggy_bose
5b,v7,46,v7_generator_semantics,686787,84,74,0.44155672068039187,142.65079808235168,1.6925179305530729,0,v7,"[0.25, 4.0]",mps,buggy_bose
