setting,dataset_seed,arch,best_val_MAE_logM,n,oracle_MAE,marginal_median_MAE,improvement_over_oracle,improvement_ci_lo,improvement_ci_hi,n_boot
xi1_only,0,5a,0.20299548566635214,1000,0.5791443560356927,1.4258301475788757,0.6494906568758421,0.6184563973381446,0.6787577811387819,1000
xi1_only,1,5a,0.21986550413075848,1000,0.6270858887398758,1.4127549837428124,0.6493853759067764,0.6187701900516683,0.6774856378690133,1000
xi1_only,2,5a,0.2119322998419808,1000,0.6186557500966908,1.3899982092686718,0.6574309535117572,0.6271495351062352,0.6823693625456141,1000
xi2_only,0,5a,0.13741538926171887,1000,0.02470847803755742,1.2536019544221422,-4.561466854483817,-5.030278772434956,-4.164712943897747,1000
xi2_only,1,5a,0.13976551512360327,1000,0.02597495151344051,1.2551181118603099,-4.38078015671017,-4.858858064515208,-3.931425760070757,1000
xi2_only,2,5a,0.1359536977520633,1000,0.025086034245821728,1.2405660236880611,-4.41949777648678,-4.853643466322755,-4.022441184300868,1000
both,0,5a,0.20162669753774157,1000,0.5767394725644569,1.4076925918593106,0.6504025070917836,0.6179724506625223,0.6775034651597099,1000
both,0,cnn,0.210602861858617,1000,0.5767394725644569,1.4076925918593106,0.6348388420972069,0.6047093931903774,0.6631774230461931,1000
both,1,5a,0.2125533639072037,1000,0.6229654278755388,1.3939562570707054,0.658803912099046,0.6287678335236637,0.685926639185443,1000
both,1,cnn,0.21712075764197047,1000,0.6229654278755388,1.3939562570707054,0.6514721755979072,0.6240444427704736,0.6788773201721989,1000
both,2,5a,0.2000204476216979,1000,0.6157288452575258,1.3722557880562263,0.6751484809432367,0.6475482634308869,0.7008812095885809,1000
both,2,cnn,0.2089133007552008,1000,0.6157288452575258,1.3722557880562263,0.6607056654293859,0.6328428685865912,0.687148799503477,1000
alpha_per_mode,0,5a,0.2103924915575223,1000,0.6322258257445228,1.4282342776232027,0.6672194056755338,0.6381297522007372,0.6945763238182623,1000
alpha_per_mode,0,cnn,0.21054710895534456,1000,0.6322258257445228,1.4282342776232027,0.6669748433968895,0.6398721092218985,0.6909409837457855,1000
alpha_per_mode,1,5a,0.20756619804747223,1000,0.5620090042224519,1.3893922049735665,0.6306710679272005,0.5974808460111675,0.6606678105295613,1000
alpha_per_mode,1,cnn,0.21133014308882658,1000,0.5620090042224519,1.3893922049735665,0.6239736943404322,0.5926177019996886,0.6547685254622322,1000
alpha_per_mode,2,5a,0.20956658098652148,1000,0.5669148695126938,1.3647684497804526,0.6303385514671116,0.5992417494594061,0.6590133369088823,1000
alpha_per_mode,2,cnn,0.20432266121196319,1000,0.5669148695126938,1.3647684497804526,0.639588386991486,0.6087975830405958,0.6663518772249132,1000
