dataset_version,arch,seed,augmentation,MAE_logM_baseline,MAE_logM_augmented,delta_MAE,max_abs_pred_diff,mean_abs_pred_diff
v8,cnn,42,gain,0.23531853007785347,0.23531855835280682,2.827495335089303e-08,4.291534423828125e-06,7.232874631881714e-07
v8,cnn,42,offset,0.23531853007785347,0.23531856733820702,3.726035355255952e-08,4.291534423828125e-06,6.032437086105346e-07
v8,cnn,42,gain_and_offset,0.23531853007785347,0.23531853669024375,6.612390274218782e-09,4.5299530029296875e-06,7.612369954586029e-07
v8,cnn,43,gain,0.22917484825233772,0.2291748983602862,5.010794848492317e-08,5.0067901611328125e-06,7.835794240236282e-07
v8,cnn,43,offset,0.22917484825233772,0.22917485934019863,1.1087860907199598e-08,4.76837158203125e-06,6.254916079342365e-07
v8,cnn,43,gain_and_offset,0.22917484825233772,0.22917490929354756,6.1041209836743e-08,4.76837158203125e-06,8.333218283951283e-07
v8,cnn,44,gain,0.22896908737523,0.22896909611848634,8.743256341148253e-09,5.7220458984375e-06,8.465535938739777e-07
v8,cnn,44,offset,0.22896908737523,0.22896906260204952,-2.4773180479220613e-08,4.291534423828125e-06,6.631836295127868e-07
v8,cnn,44,gain_and_offset,0.22896908737523,0.22896906963167232,-1.774355767869551e-08,6.198883056640625e-06,8.460842072963715e-07
v8,5a,42,gain,0.28041026192097024,0.280410250804704,-1.1116266240840389e-08,6.67572021484375e-06,7.418170571327209e-07
v8,5a,42,offset,0.28041026192097024,0.28041028790859535,2.598762510741537e-08,9.298324584960938e-06,7.282644510269165e-07
v8,5a,42,gain_and_offset,0.28041026192097024,0.28041025508133727,-6.839632971100684e-09,9.298324584960938e-06,7.716268301010132e-07
v8,5a,43,gain,0.26991480199397794,0.2699147982463359,-3.747642030038634e-09,4.5299530029296875e-06,5.502365529537201e-07
v8,5a,43,offset,0.26991480199397794,0.2699148434154808,4.1421502838812074e-08,5.9604644775390625e-06,5.211532115936279e-07
v8,5a,43,gain_and_offset,0.26991480199397794,0.2699147845856964,-1.740828153851126e-08,5.7220458984375e-06,5.495473742485046e-07
v8,5a,44,gain,0.28792982050629085,0.2879297999585209,-2.0547769929990523e-08,8.344650268554688e-06,6.812484934926033e-07
v8,5a,44,offset,0.28792982050629085,0.2879298585680475,3.806175663534361e-08,1.0013580322265625e-05,6.476170383393765e-07
v8,5a,44,gain_and_offset,0.28792982050629085,0.287929864469373,4.396308217469169e-08,1.1920928955078125e-05,6.937971338629722e-07
v8,5b,42,gain,0.4183186403728031,0.41831864161705007,1.2442469832230074e-09,8.58306884765625e-06,9.734779596328734e-07
v8,5b,42,offset,0.4183186403728031,0.4183186836569511,4.328414798804303e-08,8.58306884765625e-06,8.597038686275482e-07
v8,5b,42,gain_and_offset,0.4183186403728031,0.41831863309731115,-7.275491931135747e-09,8.344650268554688e-06,9.895898401737214e-07
v8,5b,43,gain,0.36952017438847623,0.36952016217324934,-1.2215226885547992e-08,6.67572021484375e-06,9.847581386566162e-07
v8,5b,43,offset,0.36952017438847623,0.36952019380748324,1.9419007013521394e-08,7.867813110351562e-06,8.617481216788292e-07
v8,5b,43,gain_and_offset,0.36952017438847623,0.3695201204798003,-5.390867591215098e-08,1.0013580322265625e-05,1.0476522147655486e-06
v8,5b,44,gain,0.39505434400440503,0.39505428785682967,-5.614757536687165e-08,7.3909759521484375e-06,1.1196304112672805e-06
v8,5b,44,offset,0.39505434400440503,0.39505433457010736,-9.434297676413905e-09,7.152557373046875e-06,9.493492543697357e-07
v8,5b,44,gain_and_offset,0.39505434400440503,0.3950543349798893,-9.02451574580354e-09,1.2636184692382812e-05,1.1462941765785218e-06
v8,fusion,42,gain,0.24519410731133398,0.24519408359613595,-2.3715198027574047e-08,5.7220458984375e-06,5.926042795181274e-07
v8,fusion,42,offset,0.24519410731133398,0.24519410901379166,1.7024576748347897e-09,5.7220458984375e-06,5.72744756937027e-07
v8,fusion,42,gain_and_offset,0.24519410731133398,0.24519414155047714,3.423914315958676e-08,5.4836273193359375e-06,6.046406924724578e-07
v8,fusion,43,gain,0.24350597858590176,0.2435059764764561,-2.109445645936958e-09,4.76837158203125e-06,5.257157608866691e-07
v8,fusion,43,offset,0.24350597858590176,0.24350601954826254,4.0962360781104934e-08,3.5762786865234375e-06,5.071265622973442e-07
v8,fusion,43,gain_and_offset,0.24350597858590176,0.24350601691261967,3.832671791048625e-08,4.291534423828125e-06,5.300445482134819e-07
v8,fusion,44,gain,0.2551666879555335,0.2551667040320238,1.607649030566094e-08,1.0013580322265625e-05,7.561314851045608e-07
v8,fusion,44,offset,0.2551666879555335,0.25516669634861255,8.393079065083242e-09,6.556510925292969e-06,7.438473403453827e-07
v8,fusion,44,gain_and_offset,0.2551666879555335,0.25516675057952604,6.262399254719497e-08,5.9604644775390625e-06,7.841605693101883e-07
