dataset_version,set,model,severity,in_training_range,MAE_ensemble,rho_mean,rho_lo,rho_hi,rho_excludes_zero
v8,replicate_eval,cnn_kernel45,0.25,True,0.08397358661356329,0.9818766917293231,0.9789231578947366,0.9844993984962405,True
v8,replicate_eval,tf_patch60,0.25,True,0.1302114834925457,0.9635488721804509,0.9574957894736842,0.9688070676691728,True
v8,replicate_eval,cnn,0.25,True,0.12280312882483577,0.9720240601503758,0.9681562406015038,0.9756332330827067,True
v8,replicate_eval,fusion,0.25,True,0.12443574218263216,0.9572631578947369,0.9481461654135337,0.964795939849624,True
v8,replicate_eval,5a,0.25,True,0.15687221173291405,0.9506646616541352,0.9421043609022555,0.9591945864661653,True
v8,replicate_eval,5b,0.25,True,0.2128868915469405,0.8925714285714285,0.8751078195488721,0.9088384962406014,True
v8,replicate_eval,cnn_kernel45,0.5,True,0.1054336085843062,0.9722766917293232,0.9688234586466165,0.9755195488721803,True
v8,replicate_eval,tf_patch60,0.5,True,0.1449151062974907,0.9541654135338344,0.9475225563909774,0.9595551879699248,True
v8,replicate_eval,cnn,0.5,True,0.1456049310651675,0.9542255639097743,0.9488873684210525,0.9590921804511278,True
v8,replicate_eval,fusion,0.5,True,0.15440074037135565,0.9341413533834585,0.9237287218045113,0.9430984962406014,True
v8,replicate_eval,5a,0.5,True,0.1883167671372476,0.9289082706766917,0.9184682706766916,0.9379021052631578,True
v8,replicate_eval,5b,0.5,True,0.255251388601477,0.8432541353383458,0.8226753383458646,0.8617878195488722,True
v8,replicate_eval,cnn_kernel45,0.75,True,0.13009589918280162,0.9579187969924811,0.9517473684210526,0.9629003007518795,True
v8,replicate_eval,tf_patch60,0.75,True,0.16773946035815948,0.9406616541353383,0.9336956390977442,0.9468893233082705,True
v8,replicate_eval,cnn,0.75,True,0.17863610021750306,0.9306285714285714,0.9230206015037595,0.9380175939849623,True
v8,replicate_eval,fusion,0.75,True,0.1906310288514859,0.9064902255639097,0.8944347368421053,0.9166720300751879,True
v8,replicate_eval,5a,0.75,True,0.22728773010872996,0.8969142857142856,0.8842810526315789,0.9093446616541353,True
v8,replicate_eval,5b,0.75,True,0.3074033104087854,0.7957112781954886,0.7717672180451127,0.8179750375939849,True
v8,replicate_eval,cnn_kernel45,1.0,True,0.15404567354492033,0.9416060150375939,0.9346162406015036,0.9480924812030075,True
v8,replicate_eval,tf_patch60,1.0,True,0.1937796758837685,0.9208781954887217,0.9122213533834586,0.9287655639097743,True
v8,replicate_eval,cnn,1.0,True,0.21658083612409068,0.8998075187969923,0.8904097744360902,0.9093181954887217,True
v8,replicate_eval,fusion,1.0,True,0.2271765859419045,0.8722285714285712,0.8582109774436089,0.8862870676691729,True
v8,replicate_eval,5a,1.0,True,0.2608742108706191,0.8634586466165414,0.8498705263157894,0.8767487218045112,True
v8,replicate_eval,5b,1.0,True,0.35920949189350565,0.7464842105263158,0.7207915789473683,0.7700190977443607,True
v8,replicate_eval,cnn_kernel45,1.5,True,0.2028601252508464,0.9044571428571428,0.8935151879699249,0.914540902255639,True
v8,replicate_eval,tf_patch60,1.5,True,0.2462985558322285,0.8737263157894736,0.8599568421052631,0.8864088721804511,True
v8,replicate_eval,cnn,1.5,True,0.2977349407785322,0.8229714285714286,0.8077,0.8388760902255639,True
v8,replicate_eval,fusion,1.5,True,0.2906683861901079,0.8026105263157894,0.7863733834586465,0.8197186466165411,True
v8,replicate_eval,5a,1.5,True,0.33394709977276027,0.7962285714285714,0.7775454135338346,0.8152766917293233,True
v8,replicate_eval,5b,1.5,True,0.46702415426089117,0.6515969924812028,0.6235175939849624,0.6783473684210527,True
v8,replicate_eval,cnn_kernel45,2.0,True,0.25416845856790576,0.8541714285714284,0.838727819548872,0.8695763909774434,True
v8,replicate_eval,tf_patch60,2.0,True,0.3047869493978005,0.8140992481203007,0.7951787969924811,0.8327888721804511,True
v8,replicate_eval,cnn,2.0,True,0.37607954853006637,0.7405714285714284,0.7177374436090225,0.7638037593984962,True
v8,replicate_eval,fusion,2.0,True,0.3543487730506899,0.731566917293233,0.7077821052631579,0.7547494736842105,True
v8,replicate_eval,5a,2.0,True,0.41145397332123085,0.7315007518796991,0.7075022556390976,0.7517699248120301,True
v8,replicate_eval,5b,2.0,True,0.5652204351126248,0.5633864661654133,0.5333789473684211,0.5927762406015037,True
v8,replicate_eval,cnn_kernel45,3.0,True,0.3766369409369735,0.7367999999999999,0.7145123308270677,0.7593813533834586,True
v8,replicate_eval,tf_patch60,3.0,True,0.4390583281873115,0.700793984962406,0.674027969924812,0.7266348872180451,True
v8,replicate_eval,cnn,3.0,True,0.5357871372345083,0.5966436090225563,0.5695673684210525,0.6246806015037594,True
v8,replicate_eval,fusion,3.0,True,0.4813449585845487,0.5798015037593984,0.5504255639097743,0.6078171428571428,True
v8,replicate_eval,5a,3.0,True,0.5733642204067811,0.59033984962406,0.563529022556391,0.6168595488721804,True
v8,replicate_eval,5b,3.0,True,0.7566686384042707,0.40840902255639094,0.3778533834586465,0.4389196992481203,True
v8,replicate_eval,cnn_kernel45,4.0,True,0.5139051478575659,0.6094195488721805,0.5787661654135339,0.6365622556390977,True
v8,replicate_eval,tf_patch60,4.0,True,0.6005743934427876,0.5594586466165413,0.5280312781954887,0.5901055639097744,True
v8,replicate_eval,cnn,4.0,True,0.6905271616144201,0.46449323308270674,0.43743894736842104,0.49282601503759393,True
v8,replicate_eval,fusion,4.0,True,0.596405309206592,0.4475007518796992,0.4156045112781954,0.4766867669172932,True
v8,replicate_eval,5a,4.0,True,0.7458869119788336,0.45456240601503756,0.4231796992481202,0.48698812030075184,True
v8,replicate_eval,5b,4.0,True,0.9195904637101132,0.30018646616541356,0.26902255639097744,0.33235518796992475,True
v8,replicate_eval,cnn_kernel45,6.0,False,0.7546893036313125,0.42746466165413527,0.39748992481203005,0.4556818045112782,True
v8,replicate_eval,tf_patch60,6.0,False,0.8906645344576515,0.3558556390977443,0.3266297744360902,0.38437939849624053,True
v8,replicate_eval,cnn,6.0,False,0.887806270145216,0.3221533834586465,0.2933727819548872,0.34813563909774436,True
v8,replicate_eval,fusion,6.0,False,0.7606849822948061,0.2630556390977443,0.22806466165413533,0.2939482706766917,True
v8,replicate_eval,5a,6.0,False,1.0263495466725272,0.2814436090225564,0.2512341353383458,0.3131685714285714,True
v8,replicate_eval,5b,6.0,False,1.1287946026418123,0.18817443609022552,0.1564093233082707,0.21796812030075188,True
v8,replicate_eval,cnn_kernel45,8.0,False,0.9771520848433695,0.3054195488721804,0.277290977443609,0.3322717293233083,True
v8,replicate_eval,tf_patch60,8.0,False,1.114736189899881,0.24033684210526315,0.21109172932330825,0.27032526315789474,True
v8,replicate_eval,cnn,8.0,False,1.0475518104804322,0.24556992481203005,0.21696210526315787,0.27530827067669167,True
v8,replicate_eval,fusion,8.0,False,0.8641042009821913,0.18081203007518795,0.1508466165413534,0.20999052631578943,True
v8,replicate_eval,5a,8.0,False,1.2170859997522023,0.18828270676691727,0.15930300751879697,0.21631443609022555,True
v8,replicate_eval,5b,8.0,False,1.2776685834041654,0.12979849624060147,0.1026727819548872,0.15992842105263155,True
v8,replicate_eval,cnn_kernel45,12.0,False,1.3174382062136691,0.1811428571428571,0.15367022556390977,0.20775353383458645,True
v8,replicate_eval,tf_patch60,12.0,False,1.418267436620596,0.12450526315789472,0.09675052631578947,0.15201263157894734,True
v8,replicate_eval,cnn,12.0,False,1.2917870229895245,0.159206015037594,0.13320751879699244,0.18693127819548871,True
v8,replicate_eval,fusion,12.0,False,0.9675221000015699,0.0965172932330827,0.0690596992481203,0.12643654135338345,True
v8,replicate_eval,5a,12.0,False,1.434228826947425,0.09813533834586466,0.07226180451127819,0.1252821052631579,True
v8,replicate_eval,5b,12.0,False,1.4611637260114243,0.05717894736842105,0.028952030075187967,0.08376090225563908,True
