dataset_version,model,target,severity,rho_mean,rho_sd
v9,5a_v7,logM,0.5,0.949812932330827,0.003105206283955507
v9,5a_v7,omega0,0.5,0.3820318876347098,0.0208255544651928
v9,5a_v7,log_Gamma,0.5,0.9477686416532952,0.003079619451916728
v9,5a_v7,logM,1.0,0.9001094736842103,0.006727597577685461
v9,5a_v7,omega0,1.0,0.28265965449997965,0.02072511918276559
v9,5a_v7,log_Gamma,1.0,0.8945257955121712,0.006297062785028678
v9,5a_v7,logM,2.0,0.7955368421052631,0.00916584269351218
v9,5a_v7,omega0,2.0,0.18210985035946198,0.019851103875710104
v9,5a_v7,log_Gamma,2.0,0.783618975028563,0.00966626301932117
v9,5a_v7,logM,4.0,0.5473263157894735,0.007934870847292953
v9,5a_v7,omega0,4.0,0.08745786133743061,0.010837464531826942
v9,5a_v7,log_Gamma,4.0,0.5280412444692848,0.007108476880940911
v9,5b_v7,logM,0.5,0.8653545864661654,0.013002484592341816
v9,5b_v7,omega0,0.5,0.2052592263430478,0.017734052708300675
v9,5b_v7,log_Gamma,0.5,0.8543502591350274,0.013372312175819762
v9,5b_v7,logM,1.0,0.7876342857142856,0.013315721052880314
v9,5b_v7,omega0,1.0,0.16396054421386394,0.01675025182717229
v9,5b_v7,log_Gamma,1.0,0.7693987167281156,0.014266159714153565
v9,5b_v7,logM,2.0,0.6367037593984962,0.012633091925143407
v9,5b_v7,omega0,2.0,0.10153401954712489,0.009886095215610414
v9,5b_v7,log_Gamma,2.0,0.6082937014911096,0.014331194170823633
v9,5b_v7,logM,4.0,0.36979248120300745,0.013366576832626618
v9,5b_v7,omega0,4.0,0.05249953541243598,0.00657006989503367
v9,5b_v7,log_Gamma,4.0,0.34965023433150016,0.011566142741525811
v9,fusion_v7,logM,0.5,0.9580174436090225,0.003782173658450749
v9,fusion_v7,omega0,0.5,0.33514603911669855,0.019688235225118738
v9,fusion_v7,log_Gamma,0.5,0.948131944493808,0.00464315430622313
v9,fusion_v7,logM,1.0,0.9169034586466165,0.004361610313272608
v9,fusion_v7,omega0,1.0,0.25394719557041406,0.019588397663335328
v9,fusion_v7,log_Gamma,1.0,0.8992145419786768,0.005351224416744642
v9,fusion_v7,logM,2.0,0.8104276691729323,0.012276507976064747
v9,fusion_v7,omega0,2.0,0.16397297173918327,0.014709309554960324
v9,fusion_v7,log_Gamma,2.0,0.7802744218080024,0.01498783784401183
v9,fusion_v7,logM,4.0,0.5523524812030074,0.01348180783567059
v9,fusion_v7,omega0,4.0,0.07762914287446805,0.008619015506785966
v9,fusion_v7,log_Gamma,4.0,0.5132405379823567,0.014501292001113924
v9,cnn_v7,logM,0.5,0.9496974436090225,0.0021747060429981447
v9,cnn_v7,omega0,0.5,0.4078099411845734,0.025334519302568404
v9,cnn_v7,log_Gamma,0.5,0.947524410763865,0.0026800123396811
v9,cnn_v7,logM,1.0,0.8915067669172931,0.004651063400053199
v9,cnn_v7,omega0,1.0,0.29633181777770407,0.02322969380399071
v9,cnn_v7,log_Gamma,1.0,0.8856926600875632,0.0033379699685559417
v9,cnn_v7,logM,2.0,0.7728036090225563,0.008715337607697425
v9,cnn_v7,omega0,2.0,0.1987109555514305,0.011042376288885852
v9,cnn_v7,log_Gamma,2.0,0.7626565237621596,0.007438576479090636
v9,cnn_v7,logM,4.0,0.5322177443609022,0.006694226652360612
v9,cnn_v7,omega0,4.0,0.09295654114511973,0.006962095516413021
v9,cnn_v7,log_Gamma,4.0,0.5134068339177829,0.006507070307367855
v9,metadata_mlp_l1,logM,0.5,0.0,0.0
v9,metadata_mlp_l1,logM,1.0,0.0,0.0
v9,metadata_mlp_l1,logM,2.0,0.0,0.0
v9,metadata_mlp_l1,logM,4.0,0.0,0.0
v9,metadata_hgb,logM,0.5,0.0,0.0
v9,metadata_hgb,logM,1.0,0.0,0.0
v9,metadata_hgb,logM,2.0,0.0,0.0
v9,metadata_hgb,logM,4.0,0.0,0.0
v9,metadata_knn,logM,0.5,0.0,0.0
v9,metadata_knn,logM,1.0,0.0,0.0
v9,metadata_knn,logM,2.0,0.0,0.0
v9,metadata_knn,logM,4.0,0.0,0.0
