dataset_version,model,condition,severity,N,n_seeds,MAE_logM_mean,MAE_logM_sd,MAE_logM_ensemble,within_tuple_rho_logM_mean,within_tuple_rho_logM_sd
v9,5a_v7,unshuffled,0.5,5000,5,0.1384073704752022,0.005916775988464861,0.12813393901382591,0.949812932330827,0.003105206283955507
v9,5a_v7,within_condition_shuffled,0.5,5000,5,0.8940350584954574,0.0011559818672953466,0.8915208281413924,-0.04516691729323308,0.002084377603996633
v9,5a_v7,unshuffled,1.0,5000,5,0.19358705185398167,0.008373153495734717,0.1796368281352425,0.9001094736842103,0.006727597577685461
v9,5a_v7,within_condition_shuffled,1.0,5000,5,0.8928638397305066,0.0012556419536660544,0.888300856915367,-0.03912300751879699,0.003007116965637073
v9,5a_v7,unshuffled,2.0,5000,5,0.30609366681473293,0.00906209849829172,0.2838506299654176,0.7955368421052631,0.00916584269351218
v9,5a_v7,within_condition_shuffled,2.0,5000,5,0.9033375105812814,0.0009688065191527669,0.8929499987180217,-0.02643007518796992,0.0043651252562812515
v9,5a_v7,unshuffled,4.0,5000,5,0.596332777917848,0.01317808806428248,0.5573364922403945,0.5473263157894735,0.007934870847292953
v9,5a_v7,within_condition_shuffled,4.0,5000,5,0.99806040484218,0.012540189097062176,0.9694142809632078,-0.02523428571428571,0.006874783271757499
v9,5b_v7,unshuffled,0.5,5000,5,0.23837071385438616,0.012711912436336785,0.212681966612787,0.8653545864661654,0.013002484592341816
v9,5b_v7,within_condition_shuffled,0.5,5000,5,0.8810311286886934,0.005787235219172008,0.8724677819050876,-0.03647157894736842,0.00587814697891301
v9,5b_v7,unshuffled,1.0,5000,5,0.33137999579848887,0.014535140113386533,0.3046582610235614,0.7876342857142856,0.013315721052880314
v9,5b_v7,within_condition_shuffled,1.0,5000,5,0.8746242451891806,0.007031999713699693,0.8619435526725451,-0.0263578947368421,0.006421619597796561
v9,5b_v7,unshuffled,2.0,5000,5,0.4900224260082567,0.017007465882445866,0.45889899057524125,0.6367037593984962,0.012633091925143407
v9,5b_v7,within_condition_shuffled,2.0,5000,5,0.8903102701728318,0.006954156880593604,0.870404168161328,-0.02102857142857143,0.007074465457343849
v9,5b_v7,unshuffled,4.0,5000,5,0.7854356285037368,0.008786396173193288,0.7361402169516988,0.36979248120300745,0.013366576832626618
v9,5b_v7,within_condition_shuffled,4.0,5000,5,0.9974644276650017,0.011710909445082275,0.954035837847264,-0.005895939849624061,0.009419196836103108
v9,fusion_v7,unshuffled,0.5,5000,5,0.11126057511086944,0.00365073155100568,0.10273331170021466,0.9580174436090225,0.003782173658450749
v9,fusion_v7,within_condition_shuffled,0.5,5000,5,0.8824859064217769,0.0015517726287248455,0.8811090310938671,-0.04382075187969925,0.002819758267913765
v9,fusion_v7,unshuffled,1.0,5000,5,0.16466755812621847,0.005484550088423675,0.15342097494249984,0.9169034586466165,0.004361610313272608
v9,fusion_v7,within_condition_shuffled,1.0,5000,5,0.8726516056743883,0.0016025664261354133,0.8695881127083929,-0.04207037593984962,0.002188140550926482
v9,fusion_v7,unshuffled,2.0,5000,5,0.26798231783390447,0.01042612425011528,0.2506366478263807,0.8104276691729323,0.012276507976064747
v9,fusion_v7,within_condition_shuffled,2.0,5000,5,0.8527191837089271,0.0027614858263488203,0.8455206378602804,-0.03298526315789473,0.005955982886973707
v9,fusion_v7,unshuffled,4.0,5000,5,0.5042481377985955,0.014534438114000424,0.4752685129141094,0.5523524812030074,0.01348180783567059
v9,fusion_v7,within_condition_shuffled,4.0,5000,5,0.8843652848269908,0.010302043412880183,0.8640525774315103,-0.028583458646616537,0.005854759328544892
v9,cnn_v7,unshuffled,0.5,5000,5,0.14489416710779,0.005501154585054287,0.12999426437170764,0.9496974436090225,0.0021747060429981447
v9,cnn_v7,within_condition_shuffled,0.5,5000,5,0.8912894613116986,0.00870568532741484,0.888592124267887,-0.0462772932330827,0.002306586929681056
v9,cnn_v7,unshuffled,1.0,5000,5,0.21044129228150243,0.005468332441997039,0.1941184370481825,0.8915067669172931,0.004651063400053199
v9,cnn_v7,within_condition_shuffled,1.0,5000,5,0.880341315251869,0.007939554633513597,0.8762438840600633,-0.03907248120300751,0.0034613115591218984
v9,cnn_v7,unshuffled,2.0,5000,5,0.33604512133483977,0.0063536650559255226,0.3151520876829285,0.7728036090225563,0.008715337607697425
v9,cnn_v7,within_condition_shuffled,2.0,5000,5,0.876610869523582,0.01156440632581477,0.8683556020651835,-0.03328240601503759,0.003667733971504145
v9,cnn_v7,unshuffled,4.0,5000,5,0.6021044994668745,0.00863670392783601,0.5801421662654374,0.5322177443609022,0.006694226652360612
v9,cnn_v7,within_condition_shuffled,4.0,5000,5,0.950612640388431,0.011180061736387288,0.9358290405690761,-0.04273924812030074,0.0056791664774479495
v9,metadata_mlp_l1,unshuffled,0.5,5000,5,0.6053982664502285,0.0,0.6053982664502285,0.0,0.0
v9,metadata_mlp_l1,unshuffled,1.0,5000,5,0.6053982664502285,0.0,0.6053982664502285,0.0,0.0
v9,metadata_mlp_l1,unshuffled,2.0,5000,5,0.6053982664502285,0.0,0.6053982664502285,0.0,0.0
v9,metadata_mlp_l1,unshuffled,4.0,5000,5,0.6053982664502285,0.0,0.6053982664502285,0.0,0.0
v9,metadata_hgb,unshuffled,0.5,5000,5,0.6164061967446954,0.0,0.6164061967446954,0.0,0.0
v9,metadata_hgb,unshuffled,1.0,5000,5,0.6164061967446954,0.0,0.6164061967446954,0.0,0.0
v9,metadata_hgb,unshuffled,2.0,5000,5,0.6164061967446954,0.0,0.6164061967446954,0.0,0.0
v9,metadata_hgb,unshuffled,4.0,5000,5,0.6164061967446954,0.0,0.6164061967446954,0.0,0.0
v9,metadata_knn,unshuffled,0.5,5000,5,0.6299770691009228,0.0,0.6299770691009228,0.0,0.0
v9,metadata_knn,unshuffled,1.0,5000,5,0.6299770691009228,0.0,0.6299770691009228,0.0,0.0
v9,metadata_knn,unshuffled,2.0,5000,5,0.6299770691009228,0.0,0.6299770691009228,0.0,0.0
v9,metadata_knn,unshuffled,4.0,5000,5,0.6299770691009228,0.0,0.6299770691009228,0.0,0.0
