dataset_version,tuple_id,n_draws_empirical,T_K,c_pct,E_kVcm,omega0_baseline_meV,Gamma0_baseline_meV,emp_median_logM,mc_median_logM,emp_mean_logM,mc_mean_logM,emp_sd_logM,mc_sd_logM,emp_iqr_logM,mc_iqr_logM,median_diff,sd_diff
v9,0,20,387.0281982421875,0.4279559552669525,1.9182695150375366,3.858936989476296,2.764717573405116,-0.5840344761713037,-0.7839438713663385,-0.7344760284691992,-0.6819312610345086,0.8591011951352417,0.8616850925317333,0.7322685932337125,0.915590324719327,0.1999093951950348,-0.0025838973964915635
v9,1,20,411.87982177734375,1.8863770961761475,1.3129128217697144,3.3947246940027966,6.590833976960707,-3.698856698030698,-3.4626320899995715,-3.860168980486036,-3.2840921895501647,0.6862680720030683,1.204442941973658,0.6634213227125958,1.1153115915649625,-0.23622460803112633,-0.5181748699705897
v9,2,20,302.7994689941406,0.39418548345565796,1.768166422843933,8.107095250747237,1.846408977213528,0.7448038325088522,0.7209663931378486,0.7246948167301278,0.7738456431032514,0.6732660295404825,0.550227051475681,0.44777109359181133,0.5571831023204791,0.023837439371003577,0.12303897806480157
v9,3,20,451.836181640625,0.706780195236206,1.2881075143814087,4.015220368020207,4.1379286708233485,-2.084202075955828,-1.9420583506604217,-2.038566207304939,-1.8072108860125187,0.6593602811036249,0.9855800170781553,0.6655617173725366,1.007793354800259,-0.14214372529540653,-0.32621973597453047
v9,4,20,345.3464660644531,1.6212221384048462,1.1832151412963867,5.802652137666557,4.746215828452089,-1.49340028340401,-1.346613875856818,-1.4006019261106357,-1.25038591698926,0.7458361612245848,0.909299871653483,0.9652146662012051,0.9322469232345416,-0.14678640754719208,-0.16346371042889818
v9,5,20,361.0708923339844,1.1541990041732788,0.18924060463905334,4.93524952152759,3.98400765597109,-1.2708469159313343,-1.2572892942441514,-1.0546893936970814,-1.1368078790196283,0.822377722051785,0.8760103989250161,0.8160104363281834,0.9529939463749657,-0.013557621687182886,-0.05363267687323103
v9,6,20,435.3771057128906,0.42577245831489563,1.423850178718567,3.6090178133340167,3.2243359264267046,-1.152397040473151,-1.4732728304639786,-1.052002775752693,-1.380212279337904,0.8681494395011048,0.8906234096784698,0.9544700994422569,0.9545253582538864,0.32087578999082766,-0.022473970177364966
v9,7,20,385.38446044921875,1.300624966621399,1.3600486516952515,3.8920539310240194,4.727191816421544,-2.1108530029097023,-2.0976287454326092,-1.6344235664741675,-1.964976174772767,1.852213365042975,1.0811948806062894,1.278420148458241,1.0628283992151064,-0.013224257477093104,0.7710184844366856
v9,8,20,427.5647277832031,1.9051581621170044,0.5114911794662476,3.461690677306475,6.90559497030935,-3.238576786662498,-3.643392128059002,-3.275917101098994,-3.4579012673654477,1.4770306099803678,1.2210206985383663,1.937364313274144,1.1481980237528404,0.4048153413965041,0.2560099114420016
v9,9,20,444.41595458984375,0.33928969502449036,0.16940447688102722,3.793054328690476,3.040692888631614,-1.5458787156475557,-1.2715055986616897,-1.5337416759531675,-1.157157983020567,0.6821915819437212,0.8979301375970935,0.7100874147698206,0.9799051751134202,-0.2743731169858661,-0.2157385556533723
v9,10,20,463.0552673339844,0.6477786302566528,1.9312182664871216,4.403182241185663,4.141172160605847,-1.643652488573053,-1.734299863152987,-1.2997578323998844,-1.6191308089560683,1.374709471527212,0.9620501323659877,1.0221843214136677,1.0044495590608273,0.09064737457993388,0.4126593391612242
v9,11,20,347.0557556152344,1.4148703813552856,1.45064115524292,5.7143291178958595,4.360955344989905,-1.5496356968843896,-1.1743816931511755,-1.3501797903650212,-1.0711484114786047,0.5987452297057515,0.8990469266908603,0.8671025841845346,0.9157679933426284,-0.37525400373321416,-0.3003016969851088
v9,12,20,125.47994232177734,1.5135527849197388,0.4500640034675598,10.431175313535716,1.7973194739962124,-0.1988503601247925,-0.17361811702103855,0.023411571402332593,-0.10700992203647311,0.7830268895995872,0.5165431323874223,0.5706203430606287,0.4758812436352716,-0.025232243103753965,0.2664837572121649
v9,13,20,228.1831512451172,0.4612277150154114,1.0741933584213257,9.706478205865148,1.4514286397665568,0.774305025512081,0.7661883845199955,0.8095031506446201,0.8246209659014601,0.296931623460622,0.46209025104807727,0.4312089043608429,0.45342364315137607,0.008116640992085533,-0.16515862758745525
v9,14,20,124.37865447998047,0.15201792120933533,1.6911591291427612,10.493638379799153,0.8241350676671922,0.544923358603059,0.6940240200559192,0.585542748240311,0.7735009475708463,0.3479430373906489,0.5100849817912527,0.4638756699654737,0.3947514246639787,-0.14910066145286027,-0.1621419444006038
v9,15,20,354.317626953125,1.9156219959259033,0.776807963848114,5.295433959013363,5.513440437104835,-2.0365629582980462,-1.8930911866672644,-1.964794083325549,-1.78173965659334,0.6761103137932604,1.0082466152000822,0.9090213136742729,1.0650010271499883,-0.14347177163078184,-0.3321363014068218
v9,16,20,497.05120849609375,1.3757917881011963,1.4516469240188599,5.698917828937409,6.6287003799066,-2.2531288322569734,-2.5077809045242465,-2.320395376017802,-2.338114541585658,0.7334291916808481,1.1007467232079806,0.9869697438047662,1.059816672349063,0.25465207226727316,-0.36731753152713253
v9,17,20,378.3888854980469,0.3350294530391693,0.11263107508420944,4.135634606961232,2.3851347689490905,-0.33379003568019505,-0.3489130568393905,-0.4192541421352292,-0.2697510664815855,0.591394339964671,0.8466143369801955,0.774168348955256,0.8498483632016443,0.015123021159195449,-0.25521999701552456
v9,18,20,369.5742492675781,1.8581396341323853,0.21532116830348969,4.514308046122632,5.67325533472755,-2.3353390797611917,-2.3273787497692267,-2.058335317807379,-2.162775296998352,1.1407466699489979,1.090367302085381,0.8107222320867398,1.067159244522487,-0.007960329991965054,0.05037936786361685
v9,19,20,346.2669372558594,0.159331813454628,1.8525112867355347,5.777762278588844,1.7669902963715247,0.6314462326957241,0.5930629862308914,0.7819633493295749,0.6539711936128495,0.8500308665729904,0.6143562560607327,0.8392045102380753,0.5528424914564929,0.03838324646483271,0.2356746105122577
v9,20,20,353.63714599609375,0.7611247301101685,1.1730844974517822,5.345079888476328,3.0665017244218222,-0.4285066906996944,-0.49071586782054766,-0.450454639739254,-0.40244059410970645,0.574749029554964,0.8037537259671567,0.5953603761859165,0.8100909344589247,0.062209177120853276,-0.22900469641219268
v9,21,20,477.9334716796875,0.06456822901964188,1.7867954969406128,4.956044657442757,2.6136189598507706,-0.7307728712841748,-0.48845967277384184,-0.5122915576731263,-0.4101365430358266,0.9743014028182323,0.7973353562229287,0.51400282276223,0.762326381150946,-0.24231319851033295,0.17696604659530357
v9,22,20,426.97796630859375,1.4235197305679321,0.4482206404209137,3.4550920772222256,5.659369217940219,-2.954889621101261,-3.0622908796606616,-3.0912003971167166,-2.904611277246637,0.8512505005994742,1.143502234600918,0.9547824612408906,1.090821307448723,0.10740125855940041,-0.2922517340014439
v9,23,20,433.52667236328125,1.8946645259857178,0.4247315227985382,3.552102802623759,6.988813214648667,-3.886103595460484,-3.596351350114401,-3.6514663569373034,-3.4818552126903803,1.3115804307340588,1.089465915692957,0.6916760359949166,1.138922665816799,-0.289752245346083,0.2221145150411019
v9,24,20,148.8232879638672,1.773620367050171,0.10921638458967209,10.048001730528616,2.2722634934980444,-0.4429472836490501,-0.3247074839949186,-0.32029522270480154,-0.25573425156482654,0.4693110273195855,0.5799659965249565,0.6329843465284036,0.5223628509161011,-0.1182397996541315,-0.11065496920537099
v9,25,20,357.1991271972656,1.690077543258667,1.4740632772445679,5.1572396536968,5.11857871845121,-1.9060831711092336,-1.7579232340135993,-1.714264041114874,-1.6615666107054987,0.7206207155808325,1.004733988223064,0.820688386102773,0.9758811009618977,-0.14815993709563435,-0.2841132726422314
v9,26,20,396.9543762207031,1.8338950872421265,1.4443755149841309,3.573822945385106,6.1864461798058725,-2.9043420159005136,-3.0795377335727343,-2.83366896497735,-2.9028216733391647,1.1345939941999101,1.156030396778082,1.0415370883862667,1.1386898811352402,0.17519571767222075,-0.02143640257817192
v9,27,20,198.63916015625,0.8089410066604614,1.8990529775619507,9.832849630192998,1.7866751884049346,0.43166530919906565,0.364013698602365,0.4699961000586318,0.42301451377009175,0.3713337091318877,0.5316401554465449,0.4211470165458123,0.493303787353015,0.06765161059670066,-0.16030644631465718
v9,28,20,422.173583984375,0.7699153423309326,0.6933937072753906,3.4115321709632846,3.9324454184576174,-1.9920808809561592,-2.0546746002576106,-1.8472194463731353,-1.932396505802721,0.8652586378523306,1.0650650621011972,0.9799365771762527,1.084574737796357,0.06259371930145141,-0.19980642424886663
v9,29,20,370.9770812988281,1.5697966814041138,0.8954111337661743,4.458102655761591,5.074143209190595,-2.079312982536918,-2.037534721867414,-2.0285162855019125,-1.9073087136187614,0.9553574605936097,1.079764299632761,0.6657202378520446,1.0477485625143823,-0.041778260669504075,-0.12440683903915128
v9,30,20,381.12347412109375,1.4336237907409668,0.7064484357833862,4.030454589358726,4.935303309498849,-2.3781949926624355,-2.196368998253031,-2.071962642186795,-2.0590719943296962,0.9646969602441811,1.0840547926813087,1.134617980443406,1.1037833730766886,-0.1818259944094045,-0.11935783243712761
v9,31,20,381.213623046875,0.41781601309776306,0.12798713147640228,4.025503634250136,2.603424170735014,-0.2796006536050647,-0.6177738378970348,-0.5106419373756946,-0.5228763051980383,0.8051898752483043,0.8543560736271697,1.0662296118395136,0.8887652054285553,0.3381731842919701,-0.04916619837886538
v9,32,20,353.67724609375,1.3966470956802368,0.6202192902565002,5.330268078752984,4.395173752976079,-1.377315808922578,-1.3302959040990023,-1.3278894135573824,-1.2455185120401118,0.8725580274320797,0.8998587914124467,1.217201028386036,0.9530695470332762,-0.047019904823575764,-0.02730076398036707
v9,33,20,384.1407775878906,1.5230475664138794,1.9130386114120483,3.952147647230141,5.257286165018602,-2.0528407982698713,-2.3558783421141314,-2.0726640522023536,-2.205722026721242,0.8934053243078469,1.0998439224690808,1.1933360470103453,1.1189924235701298,0.30303754384426007,-0.2064385981612339
v9,34,20,439.597900390625,1.1960036754608154,1.66094970703125,3.7019957227066556,5.312353654897491,-2.9707132586097282,-2.7703662431594087,-2.9019461137285947,-2.6336551112364828,0.8106891025895748,1.0420948229704512,0.9767647571318547,1.0352549330480159,-0.20034701545031952,-0.23140572038087637
v9,35,20,404.48455810546875,1.911922812461853,0.4983489513397217,3.432901360536006,6.480810602504347,-3.7338765750007727,-3.3669494144588046,-3.4831002983992847,-3.191788610257044,0.8659673482859003,1.148598721176716,0.7519127061952386,1.1318168573979355,-0.36692716054196817,-0.28263137289081564
v9,36,20,253.3708038330078,0.29976752400398254,0.23382654786109924,9.453547803653407,1.314149783198745,1.000578242307598,0.9925396272769376,0.9272285313961837,1.061685146730941,0.405651992619071,0.5090491920114661,0.3688610578208502,0.4456017584352875,0.00803861503066039,-0.10339719939239517
v9,37,20,486.87908935546875,1.2120113372802734,0.24633099138736725,5.2742753234926045,5.961350674748981,-2.595599807612403,-2.413881765831235,-2.3664330208859656,-2.2822674988582548,0.8741056343989017,1.0595451090935046,1.2176356357965452,1.0755940993975486,-0.18171804178116835,-0.18543947469460298
v9,38,20,456.6701965332031,1.6319533586502075,1.8042056560516357,4.179183477116776,6.759775335033448,-3.1649909400043166,-3.221262175408285,-2.9221773321902447,-3.0394782861032974,1.3379506768739624,1.1251016256452866,0.8216252713613175,1.0777867825648393,0.0562712354039685,0.2128490512286758
v9,39,20,352.65740966796875,0.4523398280143738,1.5844216346740723,5.411327015786869,2.424270176974632,-0.04813847002247646,-0.028246822608649243,0.10092909783032307,0.030958290457193807,0.7545962924540494,0.7162739656005983,0.6736435478243659,0.7322220436178994,-0.019891647413827217,0.03832232685345105
v9,40,20,203.15745544433594,1.4548826217651367,1.4537301063537598,9.802298820169662,2.5713666581715526,-0.04411714309091014,-0.1178031068434669,-0.03953501070306779,-0.06552471070022023,0.3588493164531999,0.5923226453659294,0.47809891029611795,0.5410157398673536,0.07368596375255676,-0.23347332891272948
v9,41,20,374.9770202636719,0.36670732498168945,1.7908127307891846,4.30909161718249,2.4874292610567488,-0.3551205055583595,-0.3592286164225543,-0.38166067307194934,-0.27026523709797623,0.689709076763945,0.8052402124305679,0.8036011481163712,0.8411379610384133,0.004108110864194825,-0.11553113566662288
v9,42,20,137.62791442871094,1.9140729904174805,1.7417919635772705,10.227834648494538,2.3160772078438745,-0.38863746192007753,-0.3765650107222537,-0.08095177466783798,-0.3030281033775366,1.0611405822327467,0.5850982185212719,0.8966124625065157,0.5438589080018034,-0.012072451197823852,0.4760423637114748
v9,43,20,436.3649597167969,0.6887125968933105,0.29679474234580994,3.608250028131104,3.8824822694884147,-1.8599605027887225,-1.9593035992079832,-1.5381082556667416,-1.8538652692068953,1.649736577193045,1.0059763243436872,1.0505028458186436,1.0409362771769948,0.09934309641926076,0.6437602528493578
v9,44,20,392.05731201171875,1.701972484588623,1.6535062789916992,3.6975919459073063,5.796015175707946,-2.7946378892984285,-2.808155792211279,-2.6825090452245526,-2.6431178780024753,1.007143107378339,1.1413237221833545,1.1456550764920355,1.1020806850542644,0.013517902912850488,-0.13418061480501553
v9,45,20,470.2618408203125,1.7380623817443848,1.9030940532684326,4.659951207304617,7.291342296938656,-3.1779957575778495,-3.1248767884119233,-3.0204401444210953,-2.9734529079224474,0.8846748237760838,1.137925688241254,0.9143807106905353,1.114183341428458,-0.05311896916592618,-0.2532508644651703
v9,46,20,338.93792724609375,1.7087855339050293,1.7150639295578003,6.181922378455954,4.844736961768354,-1.3741738433684871,-1.261153049325328,-1.2702129031678375,-1.154545174109033,0.7868623086372308,0.9223150624271751,0.8937396100220589,0.9625249704076412,-0.11302079404315912,-0.13545275378994426
v9,47,20,397.43707275390625,1.6156229972839355,0.2749527394771576,3.544358787501282,5.633673024113651,-3.066100331114148,-2.8636787878622623,-2.8666964208266905,-2.7135775793900416,1.392063568034518,1.0785030500888269,0.7737955296155459,1.1331533915654397,-0.20242154325188588,0.31356051794569106
v9,48,20,434.6502990722656,1.7733992338180542,0.5221952199935913,3.5738353682468187,6.695463182601651,-3.347382455854437,-3.499376483122763,-3.048983083609423,-3.345283169890646,1.4914253574802212,1.1269580283406864,0.8194675855777795,1.1140008533525108,0.151994027268326,0.36446732913953483
v9,49,20,123.75373077392578,0.6427410244941711,1.4958345890045166,10.497508996751604,1.1739967255715658,0.29624403759618395,0.3112043165570345,0.2874598009796944,0.39550946029797046,0.42878263982754444,0.5186601755961793,0.32395756479360516,0.4421626615299685,-0.01496027896085056,-0.08987753576863483
v9,50,20,485.8916320800781,0.035399120301008224,1.6780521869659424,5.267370784291371,2.5745604251554304,-0.48482306125105945,-0.3982398883667156,-0.4423865682262429,-0.3184900428145319,0.8334586556257146,0.7738365458884017,0.6877465429390937,0.7689079674605137,-0.08658317288434386,0.05962210973731297
v9,51,20,363.04400634765625,1.7364250421524048,1.096758484840393,4.843998449078758,5.305965120411598,-1.8528205979517216,-1.9332830494992428,-1.878314437764855,-1.8232115681103174,0.641889948210545,1.005485703034302,0.6286102646952902,0.9878509685814547,0.08046245154752119,-0.36359575482375706
v9,52,20,476.32440185546875,0.3666348457336426,1.9297746419906616,4.897487101528377,3.476847777115354,-1.3750569180941776,-1.152299711463928,-1.2433616627544801,-1.0631326810744155,0.6036144223476337,0.8646351520313096,0.671237285909934,0.9132203350530566,-0.22275720663024967,-0.26102072968367585
v9,53,20,425.1091613769531,0.5385387539863586,0.9908193349838257,3.4440653702223174,3.3882604684463553,-1.8615654618477193,-1.665158732041382,-1.556601878881145,-1.5408066503901225,1.3398728329861749,0.9923820187337935,1.2058794612898895,0.9675555039255115,-0.19640672980633722,0.3474908142523814
v9,54,20,396.6145935058594,1.9628504514694214,1.5826854705810547,3.5848359815771444,6.495481604119669,-3.0611806684185225,-3.1860534326961565,-3.1424282957270244,-3.049047355556753,0.9526511524797704,1.1409034720606532,0.9939338585498927,1.097325300292566,0.12487276427763394,-0.18825231958088284
v9,55,20,435.6584777832031,1.9188884496688843,1.101399302482605,3.602025328095211,7.113242988309589,-3.7314258498727897,-3.6521713491441545,-3.7224022450757155,-3.4799028827197844,0.7213508892683278,1.1551566833572027,1.0848645327693052,1.163389841385888,-0.07925450072863516,-0.4338057940888749
v9,56,20,475.0950012207031,1.827209711074829,1.6671273708343506,4.834838048166506,7.610150182486723,-3.268355180749754,-3.199267585322244,-3.0394189984910223,-3.066616912204375,1.3329511515597017,1.0313995038677968,1.28854303789984,1.0910006191496207,-0.06908759542751008,0.3015516476919049
v9,57,20,246.40536499023438,1.481177568435669,1.7985365390777588,9.56545262038808,3.0945313251705135,-0.1217845526103973,-0.10990009552205032,-0.010555897897158545,-0.05793104594820716,0.44029253830486925,0.6360781997414287,0.539322321795032,0.5999163806022401,-0.011884457088346984,-0.1957856614365594
v9,58,20,307.76312255859375,1.3563495874404907,0.02861948497593403,7.84057497490899,3.5996225293635327,0.06752518884155218,-0.37578909872285393,-0.057849617269696355,-0.30088722654525457,0.7845704165178503,0.7714889358737224,0.7979009740519415,0.7449694781865556,0.4433142875644061,0.013081480644127952
v9,59,20,333.08599853515625,1.297150731086731,0.84610915184021,6.495404923080367,3.872653531193269,-0.9218627428720216,-0.7350784606556551,-0.7142290138126681,-0.6608460543989474,0.9747200499474638,0.7847624278834292,0.6042117533169756,0.8432984433791159,-0.18678428221636656,0.18995762206403455
v9,60,20,342.2157897949219,1.3151156902313232,1.8247424364089966,6.000910507474347,4.102934998354787,-1.1139733405697174,-0.9631353553288624,-1.0252114016028913,-0.8571185688117239,0.630833958833314,0.8369646858978542,0.8072177995457304,0.8705677662540906,-0.150837985240855,-0.20613072706454028
v9,61,20,368.5423278808594,0.011603085324168205,0.6024271249771118,4.572707343378098,1.576682827901861,0.5016174982976381,0.5277262924884719,0.5651960814538899,0.5894163474153347,0.6300311529289223,0.673702367374031,0.6273287357350106,0.6090490425116264,-0.026108794190833784,-0.043671214445108686
v9,62,20,485.3358459472656,0.5965166687965393,1.961707592010498,5.253180823688903,4.226221637262749,-1.4679378336946587,-1.4515771590298845,-1.431057814548299,-1.3406571152475848,0.5491227779059803,0.942923786881651,0.5934413049245759,0.9672671480034407,-0.0163606746647742,-0.3938010089756707
v9,63,20,405.1855163574219,1.3622889518737793,0.4115259349346161,3.4258272392875826,5.156533454601393,-2.8012223451984086,-2.721668705268499,-2.8410656274061834,-2.565393764432757,0.6365667405032565,1.1055552323747122,0.6998567387637138,1.1242369055336052,-0.07955363992990971,-0.46898849187145575
v9,64,20,330.86627197265625,0.31646737456321716,1.5227532386779785,6.64256010207357,1.9254208207708194,0.6680882932547485,0.5806987260036947,0.6702734009231548,0.6430867192034939,0.5756338797142639,0.6177208382607061,0.5942660115685007,0.581470182556836,0.08738956725105385,-0.04208695854644218
v9,65,20,103.1807861328125,1.4377000331878662,1.9133124351501465,11.105499833115527,1.5734443231045592,-0.1676551775757053,-0.18308532838464464,-0.2408675007275803,-0.12149759312302454,0.34012527922351243,0.4928842768111014,0.4557416780226251,0.452284184421577,0.015430150808939336,-0.15275899758758898
v9,66,20,418.39727783203125,1.188185691833496,0.29936301708221436,3.3841701339035413,4.928292490651561,-2.2738659547081213,-2.6796769305364516,-2.3092550973590713,-2.5376787039102866,0.7234881923702687,1.0908444014203524,0.8223233204559217,1.0578369517789135,0.40581097582833037,-0.3673562090500837
v9,67,20,397.50250244140625,1.5097074508666992,0.3112533688545227,3.54354144371782,5.382661787990693,-3.0280355969821535,-2.731642467528215,-2.702469165789967,-2.5645502049389375,1.2155191320248364,1.0847402431983038,0.8253827059784973,1.045968563666404,-0.29639312945393836,0.13077888882653266
v9,68,20,451.7596435546875,0.8245759010314941,1.2495733499526978,4.011570033937026,4.454346164960275,-1.8672969580604293,-2.1653648386947264,-1.9339177173602042,-1.9878798961986939,1.0560414755205374,1.0547527339350327,0.8725598829049095,1.0196413924347434,0.2980678806342971,0.001288741585504738
v9,69,20,384.91339111328125,0.40818506479263306,1.0832768678665161,3.9040649640811185,2.6446407569386716,-1.0911877675615198,-0.6757319938518724,-0.7506351965796664,-0.5940558535382742,0.8772195136934523,0.8198000479819834,0.6493476982511474,0.8535507905179014,-0.41545577370964737,0.05741946571146894
v9,70,20,326.1062927246094,0.7024837732315063,1.8999942541122437,6.9209324512253785,2.6643419743166654,-0.06171548997945479,0.09507984276651575,0.22047118000817414,0.1453766082028082,0.9071717261512549,0.6882012159460918,0.32585140567597504,0.6741554897106948,-0.15679533274597054,0.218970510205163
v9,71,20,433.0260009765625,0.13001327216625214,1.0000122785568237,3.5565122937336096,2.4115159291492625,-0.9335977303266177,-0.7960905500310116,-0.7779156268715397,-0.7035549675205257,0.7240251836477862,0.8533032649584896,0.9987501752821181,0.8765160819364566,-0.13750718029560616,-0.1292780813107034
v9,72,20,366.4343566894531,0.8401628136634827,0.7788769006729126,4.673314583575308,3.386035792771855,-0.6946290716669243,-0.9634909561263303,-0.6604443026560378,-0.8708211092157399,0.8472019665318649,0.8768562036735438,1.087769400265977,0.9232399975076103,0.26886188445940595,-0.02965423714167892
v9,73,20,357.3868408203125,1.688240885734558,0.13400383293628693,5.125720845036646,5.073604983901397,-1.8453223737545352,-1.7928195749630045,-1.5673359091810064,-1.6911686424508547,1.153824420067673,0.9382252611029449,0.7752793658831767,1.0019295122121221,-0.05250279879153075,0.21559915896472814
v9,74,20,339.74212646484375,1.4984532594680786,1.7575244903564453,6.138550620152859,4.433347967705704,-1.0277238903254784,-1.0899415959407683,-0.8627906951248928,-1.017253959567907,0.5808337192012285,0.844630769789068,0.6924782077770942,0.8916454184642353,0.06221770561528994,-0.26379705058783953
v9,75,20,433.7330017089844,0.04466796666383743,0.7748730182647705,3.565253454401432,2.1869060349765177,-0.6551251244546482,-0.5937733475283868,-0.4715828319152672,-0.5225990159301391,1.2025594727263096,0.8038875966897768,0.6782018234499071,0.8074383677405842,-0.06135177692626137,0.39867187603653276
v9,76,20,191.15744018554688,0.6779765486717224,1.3395085334777832,9.83314790779933,1.553146666317863,0.47189584740011825,0.4634446073795365,0.5047969967920485,0.5327680980868845,0.4811629084835665,0.5135412085288399,0.48345650181219496,0.4592300688867743,0.00845124002058173,-0.03237830004527337
v9,77,20,285.3283996582031,1.9168943166732788,1.120120882987976,8.74080510102635,4.28338751941371,-0.7059266717824086,-0.5930353953021021,-0.7403390468778569,-0.524577274899477,0.7838773914940211,0.7641670126707103,0.8844134499803684,0.7760711895587699,-0.1128912764803065,0.019710378823310837
v9,78,20,416.4580383300781,0.7290113568305969,0.5690837502479553,3.3818929528865787,3.7571108111711182,-2.188701734664444,-1.9888088153804284,-1.56713414679252,-1.830679973505593,1.7886523386546405,1.043664589736481,1.1400680046577245,1.013723784517727,-0.19989291928401554,0.7449877489181596
v9,79,20,422.7080078125,1.3322864770889282,0.8380175828933716,3.4164984156093836,5.369828017822457,-2.8201740542490095,-2.9263476678352487,-2.7494230988868655,-2.789056611358547,1.0631015769049692,1.076337280529603,0.9763684969707778,1.0891109974638895,0.10617361358623922,-0.013235703624633777
v9,80,20,324.5882873535156,1.7423808574676514,1.9890782833099365,7.002860875494043,4.679700541842221,-0.8957250555686027,-1.011456927618223,-0.882078542894952,-0.9199157599054442,0.660726608078802,0.8481576008172701,0.837232573720637,0.8486161115934935,0.11573187204962032,-0.18743099273846808
v9,81,20,192.1761932373047,1.7439428567886353,0.8685613870620728,9.811923507691326,2.76623592264684,-0.45106469409640554,-0.2638163797159052,-0.3984523552288953,-0.21000690355142332,0.5008205399874766,0.6325038402278118,0.43559139389939905,0.5816529638467127,-0.18724831438050032,-0.13168330024033525
v9,82,20,410.47515869140625,0.16409476101398468,1.1744005680084229,3.401157774769349,2.3151925216925586,-0.6672468002813894,-0.6821163057899068,-0.5362461624040024,-0.591478705237089,0.9378158351698885,0.8662251887662453,1.5224096014161588,0.8874223942981168,0.0148695055085174,0.07159064640364321
v9,83,20,319.2286071777344,0.7436914443969727,1.4099349975585938,7.2807347784594505,2.6335991010683055,0.07432589247213522,0.14221916608331148,0.16816449763903987,0.21287823009475015,0.6245804267879519,0.6601879199739331,0.7813170948907182,0.6506030091807381,-0.06789327361117625,-0.03560749318598122
v9,84,20,119.06592559814453,1.2160885334014893,1.5240538120269775,10.607159361322642,1.5586730776749247,-0.15566469321574394,-0.03922541874946726,-0.019565471834600823,0.037343467082087474,0.7949621931928235,0.5146128887854844,0.418501274974947,0.44429126347760856,-0.1164392744662767,0.2803493044073391
v9,85,20,420.723388671875,1.4859660863876343,1.6847258806228638,3.4229212581455446,5.770952981300292,-3.3012554550923174,-3.106016761372227,-3.2522291311940683,-2.985945539945939,0.5339903453968954,1.0784771543136644,0.5580142385516469,1.1106240579852025,-0.1952386937200905,-0.544486808916769
v9,86,20,376.2210388183594,1.7449300289154053,1.123988389968872,4.232280921685114,5.571384775708642,-2.513541354095455,-2.415301507209481,-2.6014093499871414,-2.2648048602811093,0.8555293237369755,1.0818514040274898,1.3794635885228868,1.1047872503138074,-0.0982398468859742,-0.22632208029051426
v9,87,20,459.2283935546875,1.437649130821228,1.2191338539123535,4.2465515443091455,6.230468748326997,-3.0177265403698055,-2.9333868576873723,-2.951558592576586,-2.80123225408554,0.687079581365149,1.0946058537788907,0.6782783384859772,1.14415059995458,-0.08433968268243319,-0.40752627241374173
v9,88,20,328.2108459472656,1.675010085105896,0.9744052290916443,6.7713293154590115,4.548397193991826,-1.222145078776093,-1.0083456624269789,-1.210077237325665,-0.9226672093556937,0.8173910382036859,0.8556220984614147,0.613936118919066,0.9033589573428658,-0.21379941634911415,-0.03823106025772882
v9,89,20,157.74879455566406,0.24322453141212463,0.03604947775602341,9.97357393668043,0.9296055616000289,0.5956770515971146,0.7919149832656145,0.640368779716522,0.8795546491666162,0.483313887440996,0.5183744385337091,0.49976761063434033,0.4334294088285672,-0.1962379316684999,-0.03506055109271311
v9,90,20,364.029052734375,0.8093569874763489,0.5545886754989624,4.789112701425237,3.2808811909386297,-1.0145660002206973,-0.8305985317011062,-0.7443421908913133,-0.749428055237312,1.0988234347760955,0.8718052145822562,0.8082182909556931,0.9108129623848832,-0.18396746851959112,0.22701822019383922
v9,91,20,398.3593444824219,1.96034574508667,1.488717794418335,3.546524453826514,6.518110231330699,-3.1443567223663154,-3.2503901876707397,-3.2402527805676677,-3.0339696704037187,1.0227739426083238,1.1984550306416217,1.0868152697422913,1.1288345171895795,0.10603346530442437,-0.17568108803329796
v9,92,20,371.9361877441406,0.7752529978752136,1.7710133790969849,4.4407216799352,3.3660687185305287,-1.4018157382218137,-1.0245898416400312,-1.1787691506374447,-0.9434744393129819,0.7286875235606834,0.872468791233555,0.8806869387115925,0.9159351800426119,-0.3772258965817825,-0.14378126767287158
v9,93,20,405.67742919921875,1.3695061206817627,0.8802729249000549,3.426747580658719,5.194487532131554,-2.544665996167047,-2.723918217969651,-2.43675333691736,-2.5503192262477414,0.7698429112692595,1.1435826882963638,1.340226208780328,1.129820146392837,0.17925222180260425,-0.37373977702710426
v9,94,20,355.2724609375,0.7914643883705139,1.467696189880371,5.264019919691012,3.1677199539865932,-0.6518437838090172,-0.5867881341800387,-0.4530510454933826,-0.5133764758732087,0.7680246787164693,0.8256608954833701,0.753742524120264,0.8745955356808937,-0.06505564962897847,-0.05763621676690078
v9,95,20,413.4938049316406,1.6691733598709106,1.980056881904602,3.4140000649532087,6.128028620583976,-2.989738399069399,-3.2914757145034237,-3.026617304629056,-3.1213794367785175,0.7466587964613863,1.11261437650952,0.7913873320761717,1.0378882768536704,0.3017373154340248,-0.36595558004813367
v9,96,20,362.35919189453125,1.977736473083496,1.5705888271331787,4.890397481976762,5.843993700688088,-2.5315027532827523,-2.196449456295663,-2.4337035597373253,-2.046707179523445,0.853120921432687,1.0679751427332649,1.2437276052122122,1.0935975997508436,-0.3350532969870894,-0.21485422130057785
v9,97,20,199.67770385742188,0.527912974357605,1.3097519874572754,9.813759216738916,1.4174197508684416,0.7354746147812956,0.6259450306809511,0.8020491072379341,0.7063532116846509,0.5563803177064469,0.5544497367761657,0.3457196809324671,0.44842338275706756,0.10952958410034452,0.0019305809302812005
v9,98,20,428.9756164550781,1.743876576423645,1.2161682844161987,3.493166325449561,6.542202430707584,-3.6167436148874184,-3.452613951465323,-3.165700717557046,-3.309486982326158,1.4614684745087965,1.126775072731762,1.1983669169835727,1.0962454488018913,-0.16412966342209545,0.33469340177703444
v9,99,20,400.6330871582031,0.20301325619220734,0.7175332903862,3.4939637662274836,2.3036755512237392,-0.5772014546184585,-0.5839782794889652,-0.544845602017339,-0.4897613343185059,0.3909114752337614,0.8868595936544617,0.5909745425828904,0.891201075832494,0.006776824870506681,-0.49594811842070025
v9,100,20,371.9773864746094,1.352474570274353,0.35537639260292053,4.4067264157104065,4.592792838041151,-1.6335405323822576,-1.8664990372112378,-1.7350024685146277,-1.7396950620790326,0.6500932974886345,0.9603396602516873,0.7763388457030314,1.0134023558319472,0.23295850482898017,-0.31024636276305273
v9,101,20,105.33394622802734,0.3562527000904083,0.3919137418270111,11.004047596544675,0.8413267601068646,0.5513601902992666,0.493818836133295,0.5700173923838234,0.578261968165658,0.27248896200031475,0.4965483119254264,0.2121681228380612,0.40587754237905405,0.057541354165971614,-0.22405934992511167
v9,102,20,440.48345947265625,1.874751091003418,1.0734556913375854,3.704007227270567,7.085812457646849,-3.65983595939121,-3.579974188499795,-3.5551358323078937,-3.3950603197731057,0.913961723971268,1.2339061513320173,0.5096520871751204,1.1076339382359945,-0.07986177089141533,-0.31994442736074935
v9,103,20,327.0534973144531,1.1762597560882568,0.30067312717437744,6.830279494175873,3.5321233551804916,-0.14711025429583888,-0.43728356868774,-0.14708311211348973,-0.37091610705606737,0.8975039513854693,0.774761145211289,0.9079316674858031,0.8085312857924681,0.2901733143919011,0.12274280617418032
v9,104,20,484.6861572265625,1.191331148147583,1.8344513177871704,5.2199933399286955,5.9396265109205455,-2.0835863596744115,-2.3398882830239742,-1.8162215435118365,-2.1950835454116873,1.1832136521997116,1.0302799777107603,0.9156234227250637,1.0151000642684482,0.2563019233495627,0.15293367448895134
v9,105,20,452.5078125,0.5551203489303589,1.6726144552230835,4.047370905510644,3.7571665367117615,-1.6549483880652875,-1.6632084508828389,-1.602502274565477,-1.5246761539312488,0.4780997838018669,0.9805955851198819,0.5954394520383177,0.9991189779531262,0.008260062817551317,-0.502495801318015
v9,106,20,372.7503356933594,1.221636414527893,1.9092613458633423,4.407778394572653,4.3853588598858835,-1.3521900771072166,-1.6828894236371972,-1.304550666312774,-1.5649573025725292,0.9874179367857877,0.9581081861110652,1.1442618092672188,1.045037970706731,0.33069934652998056,0.029309750674722523
v9,107,20,430.2027893066406,0.7395427823066711,1.9811960458755493,3.538241334103204,4.022177544699496,-2.3653920652687157,-2.0676689434664937,-2.15858588518681,-1.9437328443454776,0.8599716709201451,1.0046950890897008,1.5181085296129,1.0527135253250326,-0.29772312180222205,-0.1447234181695557
v9,108,20,428.4050598144531,1.2827277183532715,0.4577715992927551,3.473919065046912,5.3204624725087175,-2.9594413684971967,-2.8996779666200476,-2.877795491579186,-2.7380646237025195,0.8041644282011456,1.072514954013498,1.1592259453050726,1.073479120025687,-0.059763401877149125,-0.2683505258123523
v9,109,20,470.80853271484375,0.7406600117683411,1.8557839393615723,4.682372072562134,4.479466883089362,-1.7288375630097828,-1.8049975436225245,-1.842248449046906,-1.6793466689221808,0.6841684132164302,1.0241974218954375,0.999038761285659,1.0594985410874542,0.07615998061274176,-0.3400290086790073
v9,110,20,116.84224700927734,1.6927590370178223,1.6031385660171509,10.66398821217036,1.8774257615850183,-0.2825872717875543,-0.26142665758765377,-0.26732717353385455,-0.20198455395583784,0.481847842407982,0.525088761754207,0.6603223375927231,0.4706170953085288,-0.021160614199900507,-0.04324091934622504
v9,111,20,323.79888916015625,0.7801989912986755,1.9505373239517212,7.050282857212028,2.7935160854648537,-0.005342508521648875,0.008352071394592153,0.11252233646026003,0.09000425935310798,0.5455998363340762,0.7145279513572133,0.5457032320758808,0.6753860199790784,-0.01369457991624103,-0.1689281150231371
v9,112,20,345.7501220703125,0.13456320762634277,1.6944867372512817,5.801443134312942,1.6995410100380972,0.6085931016218633,0.6518959615616121,0.6302866096964177,0.7321747558981913,0.6447738142063583,0.6725518242816031,0.6842106782852792,0.6072954155810326,-0.043302859939748806,-0.02777801007524483
v9,113,20,237.53411865234375,0.6595388054847717,1.0281288623809814,9.637557821253859,1.7779547896058028,0.5751590935034347,0.561187481783471,0.5604920880956126,0.6459515753763344,0.5329337968798796,0.5604516919151598,0.40559209286341347,0.4714763297194181,0.01397161171996375,-0.027517895035280127
v9,114,20,431.6490783691406,1.7941523790359497,0.8433340191841125,3.5257638108109406,6.7043077390693275,-3.571232802314779,-3.5432359939921128,-3.3968158303214815,-3.387034583012047,0.949054744194952,1.1115542955144024,0.6860311463403499,1.089355060540218,-0.027996808322666045,-0.16249955131945049
v9,115,20,360.0504150390625,1.7705575227737427,1.3490153551101685,5.003436509246645,5.337014222208273,-2.0447254306965945,-1.9208334840021206,-2.0608791168212326,-1.8208545107777674,0.8959877128191652,0.9514030143216432,0.6681855046238463,0.9990717188788629,-0.1238919466944739,-0.055415301502477976
v9,116,20,374.4277038574219,1.338913917541504,1.19902765750885,4.311710108306432,4.629347974761936,-1.7935144611678813,-1.8685522881946217,-1.7688834573504117,-1.7150930796638246,0.6660188336756764,1.0468861936177951,0.8146456870193557,1.0723214613794592,0.07503782702674044,-0.38086735994211873
v9,117,20,439.4653015136719,1.163711428642273,0.28432872891426086,3.6723521199335654,5.170066391326457,-2.254533547571368,-2.732221225950054,-2.1994510750164054,-2.5291344012454475,1.4316881923871891,1.1642309763391747,1.4317457184599214,1.1029031777882032,0.47768767837868564,0.2674572160480144
v9,118,20,353.15069580078125,0.4996245801448822,1.137136459350586,5.371932769102624,2.504608219146414,-0.3769533267739962,-0.09904411452249914,-0.3396609194860608,-0.02001951684925301,0.8379248554730959,0.7466948181138345,0.6110072983784562,0.7547628880276867,-0.277909212251497,0.09123003735926138
v9,119,20,318.262451171875,1.7860112190246582,1.1170989274978638,7.318788283369333,4.597967729762868,-0.9702593896623064,-0.8945811711776601,-0.7009957103060457,-0.8030418107402214,1.004444472925335,0.865008483569363,0.7843265543114937,0.8835451459976209,-0.07567821848464629,0.139435989355972
v9,120,20,347.9853210449219,1.8314369916915894,1.7733811140060425,5.670696135312655,5.267316618898585,-1.6283765999762427,-1.6536268344709706,-1.4414325336277574,-1.5132266387423532,1.0852432049202805,1.004456075426232,1.133567504425177,0.9813438226054678,0.025250234494727852,0.08078712949404854
v9,121,20,370.59820556640625,0.2214987426996231,0.09259159117937088,4.472366886106336,2.0530527186309255,0.1136760403414439,0.03521337236305771,0.08181310362103236,0.10232743074803118,0.41764590189353323,0.7584341639784471,0.5154907539028215,0.7792116173173377,0.07846266797838619,-0.34078826208491386
v9,122,20,472.5647277832031,0.8356547951698303,1.4558806419372559,4.73515698560199,4.740842875781022,-1.8899222848857362,-1.9793878413932497,-1.8084176167281352,-1.8402081710047236,1.2615476924704225,0.9999246573747003,1.2330490571913226,1.030047147496881,0.08946555650751353,0.26162303509572227
v9,123,20,385.16180419921875,0.691582977771759,0.7837095260620117,3.8891241153832516,3.290671218408028,-1.0742205171493815,-1.1978564700185879,-1.001014671881026,-1.0915287302091166,0.8366778218750786,0.9682898906831023,1.2694314276417604,0.9953560046992758,0.12363595286920637,-0.13161206880802379
v9,124,20,112.78851318359375,0.1579788476228714,0.00040099062607623637,10.765811677398009,0.736402996739954,0.6744426494512665,0.7028637686133888,0.7420835058952786,0.7882102979195408,0.25630440630839413,0.5165655622456179,0.3163756258609727,0.4223690266731436,-0.02842111916212231,-0.26026115593722376
v9,125,20,332.77789306640625,0.43108251690864563,0.8465500473976135,6.517438203406444,2.1387651269056147,0.3493419484954445,0.38203070480816814,0.5509817215956654,0.43141965381615816,0.881199171577022,0.6160441161590241,0.9421332695489125,0.6207896321030787,-0.032688756312723666,0.2651550554179979
v9,126,20,416.51806640625,0.3514581620693207,1.7283320426940918,3.409669837209834,2.8692171373928654,-1.1960871771695802,-1.2247528251814965,-1.2174699109055034,-1.1040083519158574,0.8175287409369001,0.9472990594387296,0.6054008339344567,0.9849623034505599,0.02866564801191629,-0.12977031850182952
v9,127,20,355.634033203125,1.7261704206466675,1.3908181190490723,5.238427244307858,5.16227257830601,-1.7063499614154254,-1.7527048885721475,-1.604546568058744,-1.643381417770612,1.2148428738541306,0.9759659895098686,0.9642918473745246,1.009128755146211,0.04635492715672207,0.23887688434426202
v9,128,20,458.38018798828125,1.469188928604126,0.9416071772575378,4.212138123095628,6.291737076843812,-2.829565115771448,-2.9766654680450593,-2.9237535385268627,-2.832879258736921,1.158936560217659,1.1018254341719527,1.2682541308666142,1.0651899541076304,0.14710035227361118,0.05711112604570623
v9,129,20,436.6769104003906,1.2662545442581177,1.7983330488204956,3.644313166937259,5.464118613101471,-2.5834326795425686,-2.8186393440906703,-2.748524449035977,-2.6805594878527517,0.8587321430276007,1.0899943035253452,0.8657132409291899,1.1303335462585982,0.23520666454810168,-0.2312621604977445
v9,130,20,270.3023376464844,0.42614972591400146,0.6956678032875061,9.148927688298592,1.6145626994544426,0.948153302185484,0.8364336484440553,1.1008487269222733,0.9033251544805662,0.7832024205718617,0.5549527426729051,0.5936682656074901,0.4763914770035147,0.11171965374142867,0.22824967789895667
v9,131,20,372.2527160644531,1.3961669206619263,1.4844249486923218,4.4149728437493785,4.737713451872325,-1.9501400805700106,-1.9014707110086038,-1.9770158099430184,-1.7562579480564122,0.5615110946943751,1.0008683256849145,0.778139043436108,1.038843838668257,-0.04866936956140688,-0.43935723099053936
v9,132,20,158.171142578125,0.3646572232246399,0.01580691523849964,9.969132902541023,1.0459496299826687,0.7458973572944261,0.6614896918535849,0.8709424331803296,0.7280974187390098,0.7594821787327571,0.4983257866796431,0.4078150241780528,0.4135512590349475,0.08440766544084122,0.26115639205311403
v9,133,20,446.20013427734375,1.695228934288025,1.5044336318969727,3.858005127066468,6.733193428013267,-3.2603564365703637,-3.3647758957795357,-3.2890501438075987,-3.1803126370190804,0.9706043995691499,1.1543855114095658,1.2979585781219498,1.0749632001852776,0.10441945920917206,-0.1837811118404159
v9,134,20,387.41607666015625,0.8202797174453735,1.6590962409973145,3.8360946454480387,3.661714331192859,-1.5760229307263949,-1.4528566046965923,-1.5096740859551887,-1.3610779352261746,0.8036924807582246,0.9504969857412308,1.032063537412667,0.989972029387256,-0.1231663260298026,-0.14680450498300612
v9,135,20,394.186767578125,1.6422761678695679,1.9291143417358398,3.6533574254722825,5.7141921232450645,-2.6907475043021822,-2.7569221085083746,-2.433411672738286,-2.625319963071626,1.074473172235877,1.0699931768004778,0.7790753695054531,1.0377461483454624,0.06617460420619237,0.00447999543539912
v9,136,20,472.63983154296875,1.6509895324707031,0.9735113382339478,4.723215290974114,7.029699879863951,-3.4251358985724307,-3.0019784602451027,-3.1121966559740675,-2.841834594580685,1.1121596871101707,1.0876150050100886,1.5721629702619588,1.0780726527376592,-0.423157438327328,0.024544682100082094
v9,137,20,399.0101013183594,0.4088400602340698,1.2846721410751343,3.5329839735752437,2.8049093389612816,-0.8796319975321982,-1.0216874012629735,-0.646531128720321,-0.9406157041733961,0.7954693809401181,0.8800056411384932,1.090443098121005,0.9143511728009558,0.1420554037307753,-0.08453626019837512
v9,138,20,378.27215576171875,1.4131327867507935,1.777559757232666,4.168221851466299,4.89574843048429,-2.202191738029609,-2.0549541267133664,-2.233121488059771,-1.9129156303900823,0.9217361173568248,1.0448777811153425,1.0897777094698893,1.0484992672182782,-0.14723761131624258,-0.12314166375851765
v9,139,20,401.6970520019531,0.28676337003707886,1.2357150316238403,3.487160759837932,2.536175442068084,-1.0062339799109068,-0.8059128590164357,-0.904619498178778,-0.7408611426259163,1.136611191990331,0.8775227967577115,0.8154577177787028,0.8914521583468588,-0.20032112089447107,0.2590883952326195
v9,140,20,353.4328308105469,0.5397412180900574,0.1257428377866745,5.3435704978042216,2.5664228128229256,-0.1502363604505591,-0.15212075327712105,-0.0287936091514835,-0.06958017899675034,0.7146865891555746,0.7590285373023714,0.5452197221538307,0.7633519037420144,0.0018843928265619425,-0.04434194814679682
v9,141,20,422.247802734375,0.19388359785079956,0.6791865825653076,3.4134872521640496,2.47357768957293,-0.7982097438567468,-0.8995556100651125,-0.3977149272158948,-0.7762288709441264,1.165626890685371,0.9272062613599886,1.3727443652402096,0.908259643567938,0.10134586620836572,0.23842062932538244
v9,142,20,411.249267578125,1.1821503639221191,0.9819759130477905,3.391102142000057,4.825463023485808,-2.4822996795749352,-2.596219421021827,-2.3025586935437468,-2.444434529627401,1.4416253874379927,1.109820455899422,1.3338287057682117,1.0520169333582663,0.11391974144689154,0.3318049315385707
v9,143,20,423.14776611328125,1.3748832941055298,1.1746577024459839,3.4268883859641948,5.498780723070641,-2.8877156794976724,-2.971837426464326,-2.2612619629794417,-2.791467156473165,1.8205251821148547,1.1738804847152866,2.2090037836596066,1.1395962790471854,0.08412174696665353,0.6466446973995681
v9,144,20,490.0279235839844,1.170528769493103,0.6257570385932922,5.40349068725815,5.888745133220215,-2.076705194523398,-2.2821941943979995,-1.937824691801757,-2.1351239423702006,1.5213042504836167,1.046421075104706,1.1500538612991806,1.073069752793483,0.20548899987460167,0.47488317537891067
v9,145,20,447.129638671875,0.17591340839862823,0.9395612478256226,3.8740209931854483,2.644757294498438,-1.0453403095273963,-0.9013296264408757,-0.9180360552961938,-0.8184140148426066,1.0187197034038973,0.8556530363799932,1.0070219936864127,0.847637320127121,-0.14401068308652065,0.16306666702390404
v9,146,20,397.642578125,1.9079186916351318,1.4017257690429688,3.558260709826844,6.373657068185883,-3.195419236612448,-3.1846116896087286,-3.1476983363969073,-2.998949786085519,1.23951621903523,1.1913601310258488,1.1359453675325448,1.1479868462085245,-0.010807547003719442,0.048156088009381204
v9,147,20,409.5044250488281,1.2733172178268433,1.6361932754516602,3.416036877831982,5.05883101852004,-1.952629927588646,-2.7190315503181193,-2.14674223499698,-2.5592351493507013,0.8263383978217783,1.1041450405737347,1.2480559021090476,1.0896458641290558,0.7664016227294732,-0.27780664275195643
v9,148,20,286.3507995605469,1.7359607219696045,1.0990793704986572,8.708853073540746,3.9880444125323136,-0.29259269430839296,-0.45294658471748095,-0.11856403639423004,-0.38536942651051237,0.8636473486698869,0.7432872220229413,0.6433656096895781,0.7956718420645772,0.16035389040908798,0.12036012664694562
v9,149,20,430.6473083496094,0.7972708344459534,1.7975186109542847,3.537908628140583,4.16228203404863,-2.3380243472402458,-2.1835714505878183,-2.3735040904095106,-2.0455554407910403,1.02458132947898,0.994377781877454,0.9037387179200462,1.009713989002083,-0.15445289665242745,0.030203547601526104
v9,150,20,287.9732971191406,0.6013767719268799,0.062391892075538635,8.651240426177122,2.027358861468672,0.5604668421409638,0.5747779580098742,0.6531203865907821,0.6460031210102083,0.5470090347419311,0.593008181164823,0.8233047004697635,0.5000513972300655,-0.014311115868910429,-0.045999146422891934
v9,151,20,362.6765441894531,0.32697758078575134,1.3012797832489014,4.872970060839877,2.242230871543915,0.2641755091649559,0.005716007589581039,0.30526534456339793,0.08641980325651025,0.7210221566896095,0.7590180136878458,0.7846154271969824,0.7500513937235036,0.2584595015753749,-0.03799585699823638
v9,152,20,498.2348327636719,0.43637898564338684,1.9970135688781738,5.768645560945971,3.8761371039829613,-1.0447126277541705,-1.130546905664866,-0.9816039449456266,-1.0526545861389385,0.6106390510746655,0.8791742444344469,0.6821039491082725,0.8873560836350916,0.08583427791069553,-0.2685351933597814
v9,153,20,389.7883605957031,0.7770314812660217,1.3739405870437622,3.7553142164166475,3.573752758560387,-1.4162749602069111,-1.417746134847988,-1.3415532172911346,-1.3250873370278655,0.7543017729306745,0.9610398679205978,0.602060900574586,0.9906931958560399,0.0014711746410769333,-0.20673809498992335
v9,154,20,385.59906005859375,1.2440823316574097,1.7678302526474,3.897770024737262,4.626112481257135,-1.9646898932249623,-2.0832984105432653,-1.867708774376024,-1.9727007477161707,0.8563163468143509,0.9731892896391917,0.9914645349074962,1.0186630253090647,0.11860851731830291,-0.11687294282484084
v9,155,20,214.54409790039062,1.664617657661438,1.3398284912109375,9.76532147750103,2.9514051243362673,-0.2878652587729471,-0.21267262502865558,-0.2959550853273869,-0.14968942388397985,0.3227114205534755,0.6226731687774576,0.42388392318363716,0.6057243436417246,-0.07519263374429153,-0.2999617482239821
v9,156,20,470.4917907714844,1.545753002166748,1.8382515907287598,4.666847024536642,6.74737368761971,-2.951233016748665,-2.949925608951716,-2.623411587951316,-2.809187942698171,1.730864360267648,1.0856614318455722,1.6988489111845833,1.0662777605476728,-0.001307407796948823,0.6452029284220757
v9,157,20,345.5278015136719,1.2932460308074951,1.9683555364608765,5.818674048963063,4.120470401317971,-1.1295782448209084,-0.9943835240784392,-0.9824799991179483,-0.9027799882783584,1.2341464498061656,0.8629957267219158,0.5534797498753055,0.8602193827149756,-0.1351947207424692,0.3711507230842498
v9,158,20,389.00897216796875,1.989217758178711,0.5275232195854187,3.7586602252662766,6.359882353985726,-3.2041909491625633,-3.042931920654195,-3.1482692552869267,-2.8905310184002677,0.8626718712293538,1.0605571399176894,0.8154760913378225,1.0842819912711383,-0.16125902850836837,-0.19788526868833556
v9,159,20,355.6805725097656,1.86354398727417,0.8891059160232544,5.223911596610373,5.432700976148397,-2.1847052983933977,-1.8932228858277043,-1.9788766860435296,-1.7753341691858833,1.210986552463944,1.02835968990486,1.4936365849881237,1.002328198777145,-0.2914824125656934,0.1826268625590841
v9,160,20,471.2242126464844,0.07047893851995468,1.8539670705795288,4.700449825129451,2.589078606647995,-0.9148014056924415,-0.560352867533797,-0.8580918967499483,-0.4621709710590246,0.4447197546393558,0.8306577646503135,0.7343569751197593,0.8673085520272494,-0.3544485381586445,-0.3859380100109577
v9,161,20,264.8133850097656,1.2382937669754028,1.5269237756729126,9.276864439220644,2.9093043699962324,0.20198784788962865,0.0013155660407097626,0.4285234171757087,0.07610740937854783,0.9623950352226972,0.6355173988095326,1.0096161550659295,0.5898510972096586,0.2006722818489189,0.3268776364131646
v9,162,20,176.66329956054688,0.43973198533058167,0.8129982352256775,9.867753691856956,1.2010529974220687,0.6495268948920994,0.6655324263579745,0.8295535753806348,0.7341932358874764,0.7227530545797632,0.5104297433418704,0.41181704551964066,0.42701054765394497,-0.016005531465875134,0.21232331123789283
v9,163,20,391.3168029785156,0.571820080280304,1.9437110424041748,3.731448354327198,3.1504842210258786,-0.9968858019469993,-1.147387881947607,-0.9675813710766634,-1.0382232362948556,0.7114594146270475,0.945412112209971,0.9997585428809167,0.9220807249692946,0.15050208000060783,-0.23395269758292347
v9,164,20,402.1675109863281,1.8772612810134888,1.8125079870224,3.493408702263408,6.414867726705937,-3.224958498112394,-3.2790051176180697,-3.1996411628141,-3.0983166885501925,0.8939753456602705,1.165034866273378,1.064842041415028,1.1389502533874585,0.054046619505675686,-0.27105952061310756
v9,165,20,326.1576232910156,0.7648313641548157,0.4615457057952881,6.883759948350829,2.7168679495027135,0.14977035743727068,0.032845963596499786,0.10820311255690507,0.10699695272192683,0.6555316178192098,0.7211011869703166,0.8242645548281584,0.6550185556300714,0.1169243938407709,-0.06556956915110679
v9,166,20,412.2879943847656,1.8939048051834106,0.6334950923919678,3.3803791682680324,6.589964034027623,-3.410266436252602,-3.543017078110795,-3.3194341547369746,-3.3316862711915203,0.9956448318262776,1.1313587086839483,0.5647512049099452,1.1486955629791433,0.13275064185819296,-0.13571387685767067
v9,167,20,332.07440185546875,0.3951604664325714,1.559146523475647,6.574747654606832,2.0955937985422093,0.3701259047071839,0.4452553516528567,0.408688850963643,0.53373726820707,0.5586434303637015,0.6843799353813008,0.5057856222840023,0.6241796920627262,-0.0751294469456728,-0.12573650501759936
v9,168,20,392.55712890625,1.9657602310180664,1.9651883840560913,3.694893899862615,6.449747890601875,-3.220501855284809,-3.0837748330796035,-3.0039406330209237,-2.910992148181813,1.3792337886545243,1.172483261807994,1.4000095571858089,1.0962680303684906,-0.13672702220520527,0.2067505268465304
v9,169,20,269.5806579589844,1.2193149328231812,1.9740614891052246,9.193353689566436,2.9633591137128144,0.052056176939980936,0.022109338211632107,0.011013368035889464,0.07399034597215204,0.353521517058294,0.6183444796428982,0.40686151200564535,0.6042077856039463,0.02994683872834883,-0.2648229625846042
v9,170,20,367.7719421386719,1.7770955562591553,1.9866058826446533,4.638730783134864,5.540042305072089,-2.374853971777405,-2.1652001521174906,-2.308528963083204,-2.0216836159403035,0.7942208944027389,1.025767501321238,1.1430631371476314,1.0582608999717815,-0.20965381965991448,-0.23154660691849904
v9,171,20,418.3540954589844,1.594078540802002,1.7862478494644165,3.4139085746652746,6.010456331172452,-3.05071342916608,-3.259015491662535,-2.905059956370057,-3.1067123304890703,1.4657702844874305,1.1133724092707358,1.233178483477975,1.1240598171225442,0.2083020624964549,0.35239787521669474
v9,172,20,384.6328125,1.3992643356323242,1.0597163438796997,3.910101031205607,4.927825075059575,-2.0721554734362986,-2.221286124506001,-2.1412823898397955,-2.0694069668430495,0.578885113588422,1.0955834906156734,0.5603033326793327,1.1060994287923716,0.14913065106970258,-0.5166983770272514
v9,173,20,216.1301727294922,0.17930170893669128,1.1511512994766235,9.76664654803044,1.034038353734613,1.115780473204525,1.0811645046859988,1.253208106384195,1.1611756525988175,0.7230217043171516,0.5174532559991253,0.35796850587219675,0.4242009371982649,0.03461596851852611,0.20556844831802634
v9,174,20,202.3076629638672,1.4847384691238403,1.1040029525756836,9.795152180176833,2.5805512376144075,-0.17485679274786312,-0.11432431092680956,-0.10398850536189766,-0.040808764403210816,0.5880913085146339,0.6012985912602802,0.24448047886993723,0.5705539253111764,-0.06053248182105356,-0.01320728274564631
v9,175,20,396.8392028808594,1.5740077495574951,1.822625994682312,3.589343467144554,5.5909385735302255,-3.029999582882173,-2.770137839534097,-2.8865657031365473,-2.63443474001241,0.6208840899586935,1.0672864900252856,0.5691568639252638,1.0853821217369268,-0.2598617433480759,-0.44640240006659215
v9,176,20,153.2984619140625,0.3021160364151001,0.8107059597969055,10.019519916397872,0.9853798270978669,0.6932944121876141,0.7201393919190743,0.7382865285126914,0.7932632814191709,0.3547054569272731,0.5081589718552757,0.39642771629533746,0.4282414127272378,-0.02684497973146016,-0.15345351492800258
v9,177,20,387.72607421875,0.1901203989982605,1.125544786453247,3.8133773956427217,2.1691524276019547,-0.17349306780619117,-0.288227425474779,-0.10477291068499764,-0.21866011623151482,0.6658508959640712,0.8303111311483509,0.6476419465394735,0.8423810939253841,0.1147343576685878,-0.16446023518427966
v9,178,20,466.0092468261719,1.6794226169586182,1.4784901142120361,4.48936026087979,7.025178429653944,-2.64492500198901,-3.1316520876909206,-2.6584723393844056,-2.9854150084568976,0.9187331923677634,1.0903643335823257,1.1669832504561226,1.165665451334231,0.4867270857019106,-0.17163114121456224
v9,179,20,358.7919921875,0.7698701620101929,1.9132568836212158,5.09163835101667,3.197236121007364,-1.0296079391385033,-0.6595510101228987,-0.9335561661785838,-0.5654950056073028,0.5048832021773473,0.8375372931765559,0.5775819810007498,0.8254675410456247,-0.3700569290156046,-0.3326540909992086
v9,180,20,470.2284240722656,0.0652797520160675,1.5505813360214233,4.652721336067444,2.5461234475516736,-0.5161808901707452,-0.53996812806081,-0.43959810872861294,-0.44604268036970746,0.9047768852625776,0.8159761756720169,0.7583319660183687,0.8064554197068794,0.02378723789006476,0.08880070959056074
v9,181,20,477.9606018066406,0.0029854350723326206,1.5959376096725464,4.950891911055565,2.4238835110812653,-0.5417816834835332,-0.37196014589860027,-0.46802079251204454,-0.2744433535681997,0.8484070750779685,0.7900666544740009,0.9068484565824224,0.7510374030374035,-0.1698215375849329,0.0583404206039676
v9,182,20,383.8044128417969,1.998522162437439,0.27175816893577576,3.9265933229359944,6.272434365980495,-3.041012493308571,-2.9037355300102874,-2.8261542764543117,-2.762876049814562,1.0069615578873727,1.1279440463145418,0.9129967320169534,1.1075059140395043,-0.13727696329828376,-0.12098248842716908
v9,183,20,324.1100158691406,1.2503697872161865,1.8428053855895996,7.026410973040579,3.703022424734389,-0.2786483781968314,-0.508196806417294,-0.31351644455372096,-0.43880108588094074,0.5487138399619901,0.7793334630861317,0.5789062753579821,0.8235668090857704,0.22954842822046262,-0.23061962312414164
v9,184,20,446.18121337890625,1.2868369817733765,1.6618165969848633,3.863736969128885,5.649843896568394,-2.9949572259159547,-2.8150768033322198,-2.880691121451883,-2.6536374728135064,0.907701237784104,1.1007289500266408,1.2112845874886853,1.0952244158172157,-0.17988042258373493,-0.1930277122425368
v9,185,20,449.6592712402344,1.4757013320922852,1.3190085887908936,3.9495609089882717,6.189664692122749,-3.0391930336628423,-3.068658401316082,-3.016945095144706,-2.915498922726668,0.6680874892204359,1.0783637396244212,0.8499992378925025,1.0901752016174533,0.029465367653239483,-0.4102762504039853
v9,186,20,480.1368103027344,1.2258070707321167,1.2404307126998901,5.021357399042589,5.939835018281046,-2.666650972792709,-2.418438466409839,-2.4951140827030907,-2.2786603139856014,0.7895660601592326,1.0652343167464844,1.0020061539361813,1.0764578267726788,-0.24821250638286996,-0.2756682565872518
v9,187,20,370.8761291503906,1.4544183015823364,0.5937889218330383,4.458641647550774,4.806355060875212,-1.8058098712185109,-1.9542287284789917,-1.560041998792014,-1.8159247442271433,1.1965182393346234,0.9967423119673304,0.7865732793218356,1.0181641919128028,0.14841885726048076,0.199775927367293
v9,188,20,374.7186279296875,0.7708881497383118,1.281326174736023,4.303152254644735,3.361182826394687,-0.956743812455606,-1.029714756689081,-0.8871549926262909,-0.9349894515147107,0.7342940971562536,0.9529576277305916,0.991213325640157,0.9223147748439303,0.07297094423347494,-0.21866353057433796
v9,189,20,487.1751403808594,0.33156105875968933,1.0449073314666748,5.3001286071091736,3.4130248479941327,-0.6372561524895785,-0.970219845052311,-0.7666837580730299,-0.8792552116090426,0.9188281800076219,0.8667279770835837,1.1426214676529962,0.8799653925974777,0.3329636925627325,0.052100202924038164
v9,190,20,144.03411865234375,1.8663125038146973,1.9905951023101807,10.144966060377593,2.376549285220436,-0.3763048767904763,-0.35829641390950834,-0.3839350513553531,-0.28107293657229404,0.2985784835118355,0.6257648949258219,0.39349832116547523,0.5526474612386946,-0.018008462880967968,-0.32718641141398636
v9,191,20,276.453369140625,1.1984527111053467,1.2099103927612305,9.003828939143071,2.955536338572498,-0.1878079829981712,0.030581430788177228,-0.16826580749551426,0.08941308739176324,0.46724925302478465,0.6599021104871083,0.8027769475571216,0.621778966280557,-0.21838941378634844,-0.1926528574623237
v9,192,20,394.85980224609375,1.875760793685913,0.830707311630249,3.606301017039999,6.216903718894349,-2.857316177180725,-3.0617483012745117,-2.7268893426685756,-2.866667022818012,1.2127785816857424,1.175335947583347,0.9392620754778447,1.1554590264299187,0.20443212409378653,0.037442634102395456
v9,193,20,418.77081298828125,1.792600393295288,1.2385526895523071,3.398548042147085,6.482260912354653,-3.3197438209390335,-3.438232810725905,-3.2731785625843175,-3.289504681198746,0.94289394115211,1.1274218823078006,1.1954613265932057,1.0642250342416695,0.11848898978687128,-0.1845279411556906
v9,194,20,158.88890075683594,0.8166462779045105,1.1909968852996826,9.973950634879685,1.5085248838349237,0.432930954954309,0.29036094343663754,0.6277704221517267,0.3678815782283659,0.5322168917494683,0.5409314605283135,0.703064677611319,0.45500274289279097,0.14257001151767146,-0.008714568778845244
v9,195,20,454.2690124511719,1.4858825206756592,1.1990689039230347,4.085035719987733,6.284096154158432,-2.373599683173685,-2.9898057497239687,-2.2187888652294214,-2.8173912795019276,1.722010148970747,1.1280365215141475,1.2488438130191604,1.1028244424560305,0.6162060665502835,0.5939736274565994
v9,196,20,339.3675537109375,1.5019413232803345,1.7194370031356812,6.158577581935458,4.431518108332433,-1.1278932549179252,-1.1110052776603583,-1.0869679075240988,-1.0219435854492671,0.7546540129979132,0.8414300016437866,0.8578044180676077,0.8595709419795515,-0.016887977257566966,-0.08677598864587333
v9,197,20,329.5672912597656,1.4790492057800293,1.127097249031067,6.699289298105951,4.190857896396364,-0.7900689470007717,-0.8250852294830266,-0.8044890707061679,-0.7393458663780291,0.7023509218303823,0.860936609666126,0.6548798850210336,0.8906195109263711,0.03501628248225497,-0.15858568783574367
v9,198,20,340.9167175292969,1.9086813926696777,1.4289915561676025,6.059131122177705,5.270353228813413,-1.4796239972322436,-1.4954461265639396,-1.4841581480510597,-1.4000202782751259,0.46498097107859737,0.9689730388979589,0.467508106407434,1.0251431069569272,0.015822129331696022,-0.5039920678193616
v9,199,20,403.2500305175781,0.6929821372032166,1.28666090965271,3.4655191430836236,3.536675266050623,-1.6174702923530466,-1.6644461366565546,-1.5924894148547355,-1.542352872676215,0.914727510148437,0.9568044614534617,0.830412449726829,1.0044212157351262,0.046975844303507985,-0.042076951305024646
v9,200,20,220.94862365722656,0.47152405977249146,0.09178553521633148,9.731943627319524,1.4077799488931733,0.7248063548292565,0.7466200541574077,0.8224297428433942,0.8096786674229257,0.3672079678135233,0.5074292483332115,0.32487140237959067,0.4524381595611924,-0.021813699328151248,-0.14022128051968819
v9,201,20,371.8177795410156,1.8259483575820923,1.8521620035171509,4.445291845635488,5.714615230182819,-2.344684206547943,-2.37458823158741,-1.9041716380874132,-2.2125123828202558,1.6661032261083768,1.0865858124849366,1.2903783535895736,1.0534551735124842,0.029904025039466653,0.5795174136234402
v9,202,20,454.5630187988281,1.756439447402954,0.08871807157993317,4.07906348326879,6.997169449219857,-3.506359474766655,-3.3843902053441566,-3.3963643365471525,-3.1969213085489407,1.2002639341044987,1.1654828036514795,1.2541301536839091,1.13489188055221,-0.12196926942249853,0.03478113045301923
v9,203,20,485.17095947265625,1.961945652961731,1.217877745628357,5.217266334462771,8.150612050192832,-2.7612134461117144,-3.2363564198228802,-2.7606673574674767,-3.109285798270719,0.9804731245594305,1.0749595281864082,1.4733586752106378,1.083140226016873,0.4751429737111659,-0.09448640362697769
v9,204,20,212.11111450195312,0.17418193817138672,1.2351487874984741,9.78218372117979,1.0208171711628364,1.1083113510918932,1.0715573085306929,1.1926919313928646,1.1450344314508911,0.4331992276763503,0.5070372001329798,0.5237152684858867,0.4430634817270166,0.036754042561200295,-0.07383797245662954
v9,205,20,381.5712585449219,1.1794286966323853,1.7179518938064575,4.038995329937779,4.411445002200426,-2.1000143782182654,-1.8803357960241889,-1.9152274207884457,-1.7519157483884673,1.324740303137612,1.0171673190507533,1.0088026204084435,1.0479601094240631,-0.21967858219407654,0.3075729840868586
v9,206,20,497.7967529296875,1.5690301656723022,1.0638532638549805,5.717661035687182,7.196411510798974,-3.0490281169277607,-2.705643020167022,-3.0199398172850414,-2.540607728624592,1.0375580127550525,1.0744693037214672,0.9465411555611589,1.0220421559062922,-0.3433850967607386,-0.036911290966414656
v9,207,20,276.9894104003906,1.8987523317337036,1.0216522216796875,8.980535953335187,4.116769744917049,-0.6777548355672691,-0.5339002226335989,-0.7071471759087433,-0.4586454191606042,0.5005248980025875,0.7488456755384878,0.4027487974050866,0.7363847539281919,-0.1438546129336702,-0.24832077753590032
v9,208,20,221.06072998046875,0.7823044657707214,1.0742682218551636,9.740485256073795,1.8441343039228943,0.33201021345192816,0.4376602359352072,0.36811653699244096,0.5118214149590725,0.5343294486465673,0.5310232967178217,0.29881846521614874,0.47167671034662495,-0.10565002248327904,0.0033061519287456154
v9,209,20,486.33172607421875,1.9904898405075073,1.8217283487319946,5.281743645772415,8.29272584969214,-3.059506491373182,-3.2734449793455047,-2.6868745119513644,-3.138299949416817,1.3585461918944057,1.0848956348381986,1.0742540190285839,1.1346557431264914,0.21393848797232273,0.2736505570562071
v9,210,20,399.4682922363281,0.0555574968457222,1.876376748085022,3.5443666523645385,2.0015265257659904,-0.12651101164102513,-0.2266506853992474,-0.1854901025039976,-0.14847233569181884,0.4981621617051532,0.8129683656605247,0.7162540312145871,0.8127054762025651,0.10013967375822228,-0.31480620395537146
v9,211,20,328.8940734863281,0.5168545246124268,1.3531498908996582,6.7479942363838115,2.2928604620461823,0.10987758391822931,0.3128441809136857,0.10632467889913533,0.36874164066397064,0.4398097415861319,0.6512026738599296,0.49457291900882494,0.6485303749222892,-0.20296659699545638,-0.21139293227379768
v9,212,20,474.7301330566406,0.19929498434066772,1.107229232788086,4.811508948329283,2.9348170740881083,-0.7265963815893917,-0.8066462974990705,-0.7902454888646777,-0.7184047818945165,0.7903090313705252,0.8198961728553024,0.901786969795803,0.8584062925312759,0.0800499159096788,-0.029587141484777146
v9,213,20,440.15484619140625,0.04371616616845131,1.6986488103866577,3.7192309565973605,2.2798640829059225,-0.3986893448531268,-0.6080375085579164,-0.2955392946724065,-0.5210900158656285,0.72604160572887,0.8177896207502338,1.140176064413808,0.8662857894851007,0.2093481637047896,-0.09174801502136376
v9,214,20,403.8340759277344,0.357149213552475,1.5504688024520874,3.466506290628388,2.7454411007364987,-0.9917408337033236,-1.0022302798364193,-1.0435214987594499,-0.8830504031565406,0.8743422299554905,0.9232919552728949,0.6202078738230663,0.9397436280608704,0.01048944613309577,-0.04894972531740438
v9,215,20,345.33087158203125,1.3935303688049316,1.6164870262145996,5.816719312117067,4.299188174426678,-1.2309016977509692,-1.0861996816278263,-1.0775958905922385,-0.9943435824210876,0.7710838929054158,0.9086191621454177,0.6794970740225872,0.9301205447284933,-0.14470201612314293,-0.13753526924000192
v9,216,20,315.1328125,1.909214973449707,1.7418385744094849,7.500091586767976,4.813685167953527,-0.7339104522934617,-0.9899214542826076,-0.5267326846613192,-0.9217416794527963,1.0554874577094666,0.8822937728175922,0.6297466815087162,0.8513333782951407,0.25601100198914584,0.17319368489187437
v9,217,20,177.41439819335938,0.7519664764404297,1.2968761920928955,9.8726021073365,1.5573262980092915,0.23468451607643276,0.3897579006311356,0.4255158666441653,0.4565811852755876,0.7664534635069368,0.5265014266665224,0.3662993693120965,0.4526724623507421,-0.15507338455470282,0.23995203684041433
v9,218,20,316.7042541503906,0.04878411814570427,1.907895565032959,7.435268807998885,1.3191940810254352,1.1751626263615316,1.1495459216459014,1.0772369944470195,1.2028063838914336,0.41833882548331536,0.5204238539072308,0.4112792147179942,0.46659561882279244,0.025616704715630156,-0.10208502842391542
v9,219,20,192.54144287109375,1.906728744506836,1.1890357732772827,9.816370799947773,2.972175196692338,-0.2519756242451346,-0.3847777398931804,-0.22602764450412388,-0.32737381525159653,0.5904047499606131,0.5731787918567485,0.5355323574734577,0.582736686525932,0.13280211564804584,0.017225958103864625
v9,220,20,254.3443145751953,1.69930100440979,1.1423990726470947,9.441436465663438,3.4803344157855407,-0.2654328278791205,-0.27763970357539625,-0.05650734688548479,-0.22514271274629089,0.879178921172354,0.679770763408621,0.6275069825005889,0.6807876822656064,0.012206875696275765,0.199408157763733
v9,221,20,213.0606689453125,0.6691843271255493,0.916673481464386,9.768457654358839,1.6419752431000811,0.5147371122379218,0.5504811911710792,0.5339656863692576,0.6131516799249088,0.22179248656317696,0.5096757260380768,0.3392063858031628,0.4609969556299999,-0.03574407893315734,-0.2878832394748998
v9,222,20,352.2419738769531,1.6994926929473877,1.1104676723480225,5.415968119325045,5.029304334999072,-1.7491101281660242,-1.6540626157574654,-1.4442307678855362,-1.5542295890758675,0.9946188216718691,0.9574418734603533,1.1594812747454881,0.9867170474630087,-0.0950475124085588,0.03717694821151585
v9,223,20,392.30902099609375,0.3132455050945282,1.8158894777297974,3.7006166412466683,2.5433871717278755,-0.8069638044132241,-0.6757365430967416,-0.7503105576095278,-0.5812150535215226,0.5866855014531676,0.8653604335593368,0.7059629173158796,0.8962936174069471,-0.13122726131648255,-0.2786749321061692
v9,224,20,243.8566436767578,0.655723512172699,1.8252931833267212,9.600667884406661,1.8595520839759128,0.5600191095539682,0.561665896507255,0.7015516361940457,0.6358057966476028,0.4140848587198352,0.5664104382187106,0.5151339813836205,0.48609685153353804,-0.001646786953286794,-0.15232557949887543
v9,225,20,396.19952392578125,1.8016114234924316,0.3267764747142792,3.5702932087025214,6.0544923977189145,-2.676434269519213,-3.0007858743994773,-2.8144913976897494,-2.838082785273027,0.7599635332151046,1.1540801363399442,1.1375901876634678,1.155002668589963,0.32435160488026415,-0.39411660312483965
v9,226,20,399.42803955078125,0.836434006690979,1.5679293870925903,3.5322699019580646,3.8507032081018213,-1.5975235641822185,-1.785542045150517,-1.24383235275661,-1.6538774000402887,1.6018221268629333,1.0253288209922808,1.1082164181472458,1.0386435386117734,0.18801848096829854,0.5764933058706525
v9,227,20,394.24798583984375,1.4819607734680176,1.3967907428741455,3.6346335464291903,5.299550651368194,-2.8159663003286766,-2.5747554737793763,-2.8489150647402433,-2.408548451845315,0.7124170775277088,1.1227122342140248,0.9531033503959159,1.0211719012909408,-0.24121082654930026,-0.410295156686316
v9,228,20,394.4593811035156,1.5981189012527466,1.987364411354065,3.649193819860575,5.619278597085678,-3.016746698600517,-2.731893083785475,-2.6901233824197144,-2.549478662997806,1.105428106892259,1.1684317096783063,1.0221610489873685,1.1386974094329543,-0.284853614815042,-0.06300360278604744
v9,229,20,348.9835510253906,0.07572503387928009,1.9321177005767822,5.628644464504385,1.621945831701522,0.5284641172847482,0.7009635892619828,0.6640524951241773,0.7802952149185001,0.758214332308141,0.6408815167607628,0.6519841776315847,0.5911702457101154,-0.1724994719772346,0.11733281554737818
v9,230,20,414.49078369140625,1.1643683910369873,0.8766194581985474,3.3832370631458755,4.825268062860868,-2.3698368996073333,-2.587564320661711,-2.306336361349452,-2.440936295777735,0.7852161770722115,1.0616324847642107,0.7453113981822435,1.159513566997048,0.2177274210543776,-0.2764163076919992
v9,231,20,449.8183898925781,0.21595235168933868,0.9667514562606812,3.9500703904002177,2.77563214919048,-1.0385675682493876,-0.9595766527167908,-0.9896446434266615,-0.8685133020689051,0.7104809337376249,0.8717499084389135,0.8716443884561824,0.8634994449336174,-0.07899091553259674,-0.16126897470128865
v9,232,20,117.29566955566406,1.5040189027786255,0.6136718392372131,10.631509981815501,1.7048478352594425,0.048244420137460636,-0.14697606071669317,-0.007923543595238164,-0.0700827712881035,0.3132896340283256,0.5557142606407518,0.3499053606225371,0.48877589938162586,0.1952204808541538,-0.2424246266124262
v9,233,20,359.87109375,0.37548643350601196,0.9487639665603638,5.009146799617284,2.3024192716400416,0.04904103585946125,-0.015533923116992965,0.29138911143101415,0.061519828170517786,0.7339218413701355,0.809041714347046,0.8562288988881113,0.7596425198359532,0.06457495897645421,-0.07511987297691047
v9,234,20,415.1724853515625,0.24853231012821198,1.7945462465286255,3.4104335067830354,2.604469017060647,-0.8846687103752442,-0.9714745180685604,-0.8186758655361354,-0.8764654690092516,0.7264475671361161,0.8959840138152799,0.530981536491643,0.9448368062523937,0.08680580769331625,-0.1695364466791638
v9,235,20,391.7438659667969,1.9696098566055298,0.2673134207725525,3.6786003971314325,6.364424505426968,-2.8808895558536545,-3.0921066416156933,-2.584704277996723,-2.9207696891809,1.2955178797178692,1.167072225384321,1.68471378503348,1.0976063644198102,0.2112170857620388,0.12844565433354815
v9,236,20,244.0055694580078,1.6046578884124756,1.4625431299209595,9.579907288576647,3.225188113923322,-0.29256371617383137,-0.19316296421913975,-0.34161577646989705,-0.134158649004203,0.45274619105482267,0.6267164083348371,0.6873633235335608,0.6090556255849554,-0.09940075195469161,-0.17397021728001444
v9,237,20,382.03167724609375,1.7094792127609253,1.2688840627670288,4.006801062497485,5.605791237069221,-2.5868037425264037,-2.537026858325294,-2.427486752097589,-2.3973190124917236,0.8109880909386785,1.0708426276480647,1.0281111519431119,1.0709692064339893,-0.049776884201109706,-0.2598545367093862
v9,238,20,480.52557373046875,1.2137929201126099,1.6051183938980103,5.047100900970362,5.931946411822049,-2.596160579794745,-2.4177180348900134,-2.7133528872498274,-2.3233399663364906,0.6136750521473346,0.9998221216248211,0.5172592148912911,0.9976907075656016,-0.17844254490473155,-0.38614706947748645
v9,239,20,108.3184814453125,0.525858998298645,1.7036229372024536,10.930109280654447,1.021455442524194,0.36660326148138034,0.352773463106705,0.475103991597088,0.4223602407552472,0.40939932946016816,0.5047150706660914,0.391620247807537,0.4017754986650517,0.01382979837467535,-0.09531574120592329
v9,240,20,425.3560791015625,0.35563889145851135,1.872931957244873,3.472459362662645,2.976224579804485,-1.4928012583607986,-1.3293876660408226,-1.4845042038271683,-1.2170392036489415,0.7504869666881346,0.9531405568469713,0.8708793456085018,0.986394469309105,-0.163413592319976,-0.20265359015883666
v9,241,20,344.10174560546875,1.5771875381469727,1.934314489364624,5.89669859193459,4.681871430332699,-1.1735362835210674,-1.3114055551583435,-1.181447522422871,-1.1986296161990302,0.6166299936368214,0.9145668674194428,0.6922444065328586,0.8859424806528576,0.13786927163727603,-0.29793687378262146
v9,242,20,347.7650451660156,1.5337786674499512,1.970442533493042,5.691760878081733,4.657300257052179,-1.127342005547329,-1.3138869315723343,-0.8257685940988321,-1.221743645699104,1.5089591392786545,0.9102002145582899,1.1127226358637672,0.9687232955918048,0.18654492602500516,0.5987589247203646
v9,243,20,224.35842895507812,1.2171688079833984,0.6187464594841003,9.713797131798898,2.43515062421102,0.08731340769206034,0.09814222503916366,0.29786755104368384,0.1600831377922184,0.8413921694822746,0.5918598489178704,0.41947706342841573,0.528366722311171,-0.010828817347103323,0.24953232056440422
v9,244,20,245.70260620117188,1.3008878231048584,0.8259704113006592,9.54924140544308,2.7680163843295102,-0.05876840198631264,0.04045115527504292,-0.04715163937391413,0.10976427228854072,0.4492160572684366,0.6402189930486835,0.22314895103066018,0.5984405920611422,-0.09921955726135556,-0.19100293578024685
v9,245,20,398.1607360839844,0.06913640350103378,1.4054337739944458,3.553304099629396,1.9911777931254524,-0.31546404402760453,-0.2028357672075791,-0.22183611676865475,-0.11540814055385971,1.1978334779703617,0.8061207198130823,0.6041728876531918,0.7804686651906976,-0.11262827682002544,0.39171275815727935
v9,246,20,350.15643310546875,1.9091482162475586,1.3175526857376099,5.535222702311828,5.4424131688687725,-1.8473694638805445,-1.81480529273363,-1.7636940994201982,-1.7178500639691967,0.8734614789550602,0.9593806674077557,1.0758584473024395,0.9900337413082321,-0.032564171146914456,-0.08591918845269553
v9,247,20,391.3691711425781,0.05226711183786392,1.9981672763824463,3.7336892388720515,1.9354947096161585,-0.05249554209355856,-0.05188388368002671,0.19036833306870088,0.014476550400766751,1.0915735758766665,0.7863548431707043,0.7951106543518993,0.7886939801046202,-0.0006116584135318556,0.3052187327059622
v9,248,20,365.1242980957031,0.09850722551345825,1.961563229560852,4.772763350591045,1.8108303336550735,0.12527626885893212,0.3866383171981169,0.24903717799770092,0.445741061689322,0.6642559409382894,0.686492194789955,0.4772488306831624,0.6517809446577009,-0.2613620483391848,-0.02223625385166561
v9,249,20,340.56622314453125,0.6950975656509399,1.7418934106826782,6.094912151602656,2.804304065113385,-0.12935616252039533,-0.14347533177365146,-0.15021938120746428,-0.07180392221802008,0.578827250957173,0.752208795011094,0.7979853523438655,0.7235320433248374,0.014119169253256125,-0.17338154405392092
