dataset_version,set,model,severity,MAE_ensemble,rho
v8,replicate_eval,cnn,0.25,0.12280312882483577,0.9720240601503758
v8,replicate_eval,fusion,0.25,0.12443574218263216,0.9572631578947369
v8,replicate_eval,5a,0.25,0.15687221173291405,0.9506646616541352
v8,replicate_eval,5b,0.25,0.2128868915469405,0.8925714285714285
v8,replicate_eval,cnn_kernel45,0.25,0.08397358661356329,0.9818766917293231
v8,replicate_eval,tf_patch60,0.25,0.1302114834925457,0.9635488721804509
v8,replicate_eval,cnn,0.5,0.1456049310651675,0.9542255639097743
v8,replicate_eval,fusion,0.5,0.15440074037135565,0.9341413533834585
v8,replicate_eval,5a,0.5,0.1883167671372476,0.9289082706766917
v8,replicate_eval,5b,0.5,0.255251388601477,0.8432541353383458
v8,replicate_eval,cnn_kernel45,0.5,0.1054336085843062,0.9722766917293232
v8,replicate_eval,tf_patch60,0.5,0.1449151062974907,0.9541654135338344
v8,replicate_eval,cnn,0.75,0.17863610021750306,0.9306285714285714
v8,replicate_eval,fusion,0.75,0.1906310288514859,0.9064902255639097
v8,replicate_eval,5a,0.75,0.22728773010872996,0.8969142857142856
v8,replicate_eval,5b,0.75,0.3074033104087854,0.7957112781954886
v8,replicate_eval,cnn_kernel45,0.75,0.13009589918280162,0.9579187969924811
v8,replicate_eval,tf_patch60,0.75,0.16773946035815948,0.9406616541353383
v8,replicate_eval,cnn,1.0,0.21658083612409068,0.8998075187969923
v8,replicate_eval,fusion,1.0,0.2271765859419045,0.8722285714285712
v8,replicate_eval,5a,1.0,0.2608742108706191,0.8634586466165414
v8,replicate_eval,5b,1.0,0.35920949189350565,0.7464842105263158
v8,replicate_eval,cnn_kernel45,1.0,0.15404567354492033,0.9416060150375939
v8,replicate_eval,tf_patch60,1.0,0.1937796758837685,0.9208781954887217
v8,replicate_eval,cnn,1.5,0.2977349407785322,0.8229714285714286
v8,replicate_eval,fusion,1.5,0.2906683861901079,0.8026105263157894
v8,replicate_eval,5a,1.5,0.33394709977276027,0.7962285714285714
v8,replicate_eval,5b,1.5,0.46702415426089117,0.6515969924812028
v8,replicate_eval,cnn_kernel45,1.5,0.2028601252508464,0.9044571428571428
v8,replicate_eval,tf_patch60,1.5,0.2462985558322285,0.8737263157894736
v8,replicate_eval,cnn,2.0,0.37607954853006637,0.7405714285714284
v8,replicate_eval,fusion,2.0,0.3543487730506899,0.731566917293233
v8,replicate_eval,5a,2.0,0.41145397332123085,0.7315007518796991
v8,replicate_eval,5b,2.0,0.5652204351126248,0.5633864661654133
v8,replicate_eval,cnn_kernel45,2.0,0.25416845856790576,0.8541714285714284
v8,replicate_eval,tf_patch60,2.0,0.3047869493978005,0.8140992481203007
v8,replicate_eval,cnn,3.0,0.5357871372345083,0.5966436090225563
v8,replicate_eval,fusion,3.0,0.4813449585845487,0.5798015037593984
v8,replicate_eval,5a,3.0,0.5733642204067811,0.59033984962406
v8,replicate_eval,5b,3.0,0.7566686384042707,0.40840902255639094
v8,replicate_eval,cnn_kernel45,3.0,0.3766369409369735,0.7367999999999999
v8,replicate_eval,tf_patch60,3.0,0.4390583281873115,0.700793984962406
v8,replicate_eval,cnn,4.0,0.6905271616144201,0.46449323308270674
v8,replicate_eval,fusion,4.0,0.596405309206592,0.4475007518796992
v8,replicate_eval,5a,4.0,0.7458869119788336,0.45456240601503756
v8,replicate_eval,5b,4.0,0.9195904637101132,0.30018646616541356
v8,replicate_eval,cnn_kernel45,4.0,0.5139051478575659,0.6094195488721805
v8,replicate_eval,tf_patch60,4.0,0.6005743934427876,0.5594586466165413
