arch,protocol,seed,dataset_version,stopping_protocol,min_epochs,max_epochs,patience,ema_alpha,train_tilt,stop_epoch,stop_reason,cap_hit,best_within_5_of_cap,n_parameters,epochs_trained,best_epoch,best_val_MAE_logM,wall_time_sec,mean_epoch_sec,severity_sampling_seed,train_severity_protocol,train_severity_range,device,cap_override,git_commit,generator_file_sha256,dataset,date_utc,torch
5a,v7,42,v10,extended,30,200,20,0.3,0.0,145,patience,False,False,687843,145,125,0.20823253273569178,257.40530586242676,1.7710366791692274,0,v7,"[0.25, 4.0]",mps,,997f2a0e1fe6431497da000c017528cc6a83b21d,8cb82ecfe714cac2a1d37e41ca2928b4c10ff42bf676aec1b61866ffbe4398ab,manuscript_phase1/data/full_dataset_phase1_v10/dataset.npz,2026-09-14T20:43:18.652589+00:00,2.14.0
5a,v7,43,v10,extended,30,200,20,0.3,0.0,191,patience,False,False,687843,191,171,0.21894160421124062,347.93330097198486,1.8184536614343134,0,v7,"[0.25, 4.0]",mps,,997f2a0e1fe6431497da000c017528cc6a83b21d,8cb82ecfe714cac2a1d37e41ca2928b4c10ff42bf676aec1b61866ffbe4398ab,manuscript_phase1/data/full_dataset_phase1_v10/dataset.npz,2026-09-14T20:49:06.711571+00:00,2.14.0
5a,v7,44,v10,extended,30,200,20,0.3,0.0,200,cap,True,False,687843,200,109,0.21280898728229458,346.7332389354706,1.731624950170517,0,v7,"[0.25, 4.0]",mps,,997f2a0e1fe6431497da000c017528cc6a83b21d,8cb82ecfe714cac2a1d37e41ca2928b4c10ff42bf676aec1b61866ffbe4398ab,manuscript_phase1/data/full_dataset_phase1_v10/dataset.npz,2026-09-14T20:54:53.555347+00:00,2.14.0
5a,v7,45,v10,extended,30,200,20,0.3,0.0,190,patience,False,False,687843,190,169,0.21465492486436716,326.66902112960815,1.7163812637329101,0,v7,"[0.25, 4.0]",mps,,997f2a0e1fe6431497da000c017528cc6a83b21d,8cb82ecfe714cac2a1d37e41ca2928b4c10ff42bf676aec1b61866ffbe4398ab,manuscript_phase1/data/full_dataset_phase1_v10/dataset.npz,2026-09-14T21:00:20.328004+00:00,2.14.0
5a,v7,46,v10,extended,30,200,20,0.3,0.0,200,cap,True,False,687843,200,147,0.2081539487817667,341.9468560218811,1.7063852310180665,0,v7,"[0.25, 4.0]",mps,,997f2a0e1fe6431497da000c017528cc6a83b21d,8cb82ecfe714cac2a1d37e41ca2928b4c10ff42bf676aec1b61866ffbe4398ab,manuscript_phase1/data/full_dataset_phase1_v10/dataset.npz,2026-09-14T21:06:02.369897+00:00,2.14.0
5b,v7,42,v10,extended,30,200,20,0.3,0.0,167,patience,False,False,686787,167,147,0.34948069288303385,290.1261057853699,1.7330869614721058,0,v7,"[0.25, 4.0]",mps,,997f2a0e1fe6431497da000c017528cc6a83b21d,8cb82ecfe714cac2a1d37e41ca2928b4c10ff42bf676aec1b61866ffbe4398ab,manuscript_phase1/data/full_dataset_phase1_v10/dataset.npz,2026-09-14T21:10:52.601739+00:00,2.14.0
5b,v7,43,v10,extended,30,200,20,0.3,0.0,186,patience,False,False,686787,186,125,0.31579336612517883,323.21248602867126,1.7346048637103009,0,v7,"[0.25, 4.0]",mps,,997f2a0e1fe6431497da000c017528cc6a83b21d,8cb82ecfe714cac2a1d37e41ca2928b4c10ff42bf676aec1b61866ffbe4398ab,manuscript_phase1/data/full_dataset_phase1_v10/dataset.npz,2026-09-14T21:16:15.944750+00:00,2.14.0
5b,v7,44,v10,extended,30,200,20,0.3,0.0,200,cap,True,False,686787,200,151,0.3348713430362488,351.5259380340576,1.7553988587856293,0,v7,"[0.25, 4.0]",mps,,997f2a0e1fe6431497da000c017528cc6a83b21d,8cb82ecfe714cac2a1d37e41ca2928b4c10ff42bf676aec1b61866ffbe4398ab,manuscript_phase1/data/full_dataset_phase1_v10/dataset.npz,2026-09-14T21:22:07.580826+00:00,2.14.0
5b,v7,45,v10,extended,30,200,20,0.3,0.0,127,patience,False,False,686787,127,104,0.33131312389051537,219.72053289413452,1.7257663114803043,0,v7,"[0.25, 4.0]",mps,,997f2a0e1fe6431497da000c017528cc6a83b21d,8cb82ecfe714cac2a1d37e41ca2928b4c10ff42bf676aec1b61866ffbe4398ab,manuscript_phase1/data/full_dataset_phase1_v10/dataset.npz,2026-09-14T21:25:47.419461+00:00,2.14.0
5b,v7,46,v10,extended,30,200,20,0.3,0.0,200,cap,True,False,686787,200,122,0.3457499116106752,343.68941473960876,1.7159157395362854,0,v7,"[0.25, 4.0]",mps,,997f2a0e1fe6431497da000c017528cc6a83b21d,8cb82ecfe714cac2a1d37e41ca2928b4c10ff42bf676aec1b61866ffbe4398ab,manuscript_phase1/data/full_dataset_phase1_v10/dataset.npz,2026-09-14T21:31:31.220907+00:00,2.14.0
fusion,v7,42,v10,extended,30,200,20,0.3,0.0,200,cap,True,False,697734,200,188,0.1762662747843065,344.4178218841553,1.718951827287674,0,v7,"[0.25, 4.0]",mps,,997f2a0e1fe6431497da000c017528cc6a83b21d,8cb82ecfe714cac2a1d37e41ca2928b4c10ff42bf676aec1b61866ffbe4398ab,manuscript_phase1/data/full_dataset_phase1_v10/dataset.npz,2026-09-14T21:37:15.753589+00:00,2.14.0
fusion,v7,43,v10,extended,30,200,20,0.3,0.0,191,patience,False,False,697734,191,171,0.18316860685960865,329.6235809326172,1.7220345379794455,0,v7,"[0.25, 4.0]",mps,,997f2a0e1fe6431497da000c017528cc6a83b21d,8cb82ecfe714cac2a1d37e41ca2928b4c10ff42bf676aec1b61866ffbe4398ab,manuscript_phase1/data/full_dataset_phase1_v10/dataset.npz,2026-09-14T21:42:45.496439+00:00,2.14.0
fusion,v7,44,v10,extended,30,200,20,0.3,0.0,200,cap,True,False,697734,200,151,0.17668726760541095,344.99972009658813,1.722258757352829,0,v7,"[0.25, 4.0]",mps,,997f2a0e1fe6431497da000c017528cc6a83b21d,8cb82ecfe714cac2a1d37e41ca2928b4c10ff42bf676aec1b61866ffbe4398ab,manuscript_phase1/data/full_dataset_phase1_v10/dataset.npz,2026-09-14T21:48:30.644417+00:00,2.14.0
fusion,v7,45,v10,extended,30,200,20,0.3,0.0,200,cap,True,False,697734,200,152,0.18328055077952718,345.09399914741516,1.7225769221782685,0,v7,"[0.25, 4.0]",mps,,997f2a0e1fe6431497da000c017528cc6a83b21d,8cb82ecfe714cac2a1d37e41ca2928b4c10ff42bf676aec1b61866ffbe4398ab,manuscript_phase1/data/full_dataset_phase1_v10/dataset.npz,2026-09-14T21:54:15.860875+00:00,2.14.0
fusion,v7,46,v10,extended,30,200,20,0.3,0.0,200,cap,True,False,697734,200,134,0.1776336647441118,346.83741784095764,1.7307051825523376,0,v7,"[0.25, 4.0]",mps,,997f2a0e1fe6431497da000c017528cc6a83b21d,8cb82ecfe714cac2a1d37e41ca2928b4c10ff42bf676aec1b61866ffbe4398ab,manuscript_phase1/data/full_dataset_phase1_v10/dataset.npz,2026-09-14T22:00:02.799019+00:00,2.14.0
cnn,v7,42,v10,extended,30,200,20,0.3,0.0,126,patience,False,False,614979,126,101,0.221000062600382,89.56177592277527,0.7094080807670714,0,v7,"[0.25, 4.0]",mps,,997f2a0e1fe6431497da000c017528cc6a83b21d,8cb82ecfe714cac2a1d37e41ca2928b4c10ff42bf676aec1b61866ffbe4398ab,manuscript_phase1/data/full_dataset_phase1_v10/dataset.npz,2026-09-14T22:01:32.456083+00:00,2.14.0
cnn,v7,43,v10,extended,30,200,20,0.3,0.0,200,cap,True,False,614979,200,138,0.21579264293305697,141.95109915733337,0.7087710916996002,0,v7,"[0.25, 4.0]",mps,,997f2a0e1fe6431497da000c017528cc6a83b21d,8cb82ecfe714cac2a1d37e41ca2928b4c10ff42bf676aec1b61866ffbe4398ab,manuscript_phase1/data/full_dataset_phase1_v10/dataset.npz,2026-09-14T22:03:54.497983+00:00,2.14.0
cnn,v7,44,v10,extended,30,200,20,0.3,0.0,200,cap,True,False,614979,200,123,0.2158032860976478,142.02466416358948,0.709112639427185,0,v7,"[0.25, 4.0]",mps,,997f2a0e1fe6431497da000c017528cc6a83b21d,8cb82ecfe714cac2a1d37e41ca2928b4c10ff42bf676aec1b61866ffbe4398ab,manuscript_phase1/data/full_dataset_phase1_v10/dataset.npz,2026-09-14T22:06:16.638138+00:00,2.14.0
cnn,v7,45,v10,extended,30,200,20,0.3,0.0,110,patience,False,False,614979,110,70,0.22569203461576814,78.29136896133423,0.7101616729389537,0,v7,"[0.25, 4.0]",mps,,997f2a0e1fe6431497da000c017528cc6a83b21d,8cb82ecfe714cac2a1d37e41ca2928b4c10ff42bf676aec1b61866ffbe4398ab,manuscript_phase1/data/full_dataset_phase1_v10/dataset.npz,2026-09-14T22:07:35.026713+00:00,2.14.0
cnn,v7,46,v10,extended,30,200,20,0.3,0.0,66,patience,False,False,614979,66,60,0.23330075049988824,47.2907829284668,0.7142353997086034,0,v7,"[0.25, 4.0]",mps,,997f2a0e1fe6431497da000c017528cc6a83b21d,8cb82ecfe714cac2a1d37e41ca2928b4c10ff42bf676aec1b61866ffbe4398ab,manuscript_phase1/data/full_dataset_phase1_v10/dataset.npz,2026-09-14T22:08:22.413420+00:00,2.14.0
5a,fixed1,42,v10,extended,30,200,20,0.3,0.0,191,patience,False,False,687843,191,171,0.18643886016128347,339.4927079677582,1.7736149583187404,0,fixed1,"[1.0, 1.0]",mps,,997f2a0e1fe6431497da000c017528cc6a83b21d,8cb82ecfe714cac2a1d37e41ca2928b4c10ff42bf676aec1b61866ffbe4398ab,manuscript_phase1/data/full_dataset_phase1_v10/dataset.npz,2026-09-14T22:14:03.198754+00:00,2.14.0
5a,fixed1,43,v10,extended,30,200,20,0.3,0.0,149,patience,False,False,687843,149,128,0.18517239798040272,259.0874307155609,1.734385211995784,0,fixed1,"[1.0, 1.0]",mps,,997f2a0e1fe6431497da000c017528cc6a83b21d,8cb82ecfe714cac2a1d37e41ca2928b4c10ff42bf676aec1b61866ffbe4398ab,manuscript_phase1/data/full_dataset_phase1_v10/dataset.npz,2026-09-14T22:18:22.412393+00:00,2.14.0
5a,fixed1,44,v10,extended,30,200,20,0.3,0.0,187,patience,False,False,687843,187,165,0.1847640204865535,326.0634398460388,1.7400287370630765,0,fixed1,"[1.0, 1.0]",mps,,997f2a0e1fe6431497da000c017528cc6a83b21d,8cb82ecfe714cac2a1d37e41ca2928b4c10ff42bf676aec1b61866ffbe4398ab,manuscript_phase1/data/full_dataset_phase1_v10/dataset.npz,2026-09-14T22:23:48.609198+00:00,2.14.0
5a,low,42,v10,extended,30,200,20,0.3,0.0,200,cap,True,False,687843,200,156,0.22160516392491225,348.22796082496643,1.7387281274795532,0,low,"[0.25, 1.0]",mps,,997f2a0e1fe6431497da000c017528cc6a83b21d,8cb82ecfe714cac2a1d37e41ca2928b4c10ff42bf676aec1b61866ffbe4398ab,manuscript_phase1/data/full_dataset_phase1_v10/dataset.npz,2026-09-14T22:29:38.112412+00:00,2.14.0
5a,low,43,v10,extended,30,200,20,0.3,0.0,200,cap,True,False,687843,200,177,0.22000276397852378,348.78574681282043,1.7412283754348754,0,low,"[0.25, 1.0]",mps,,997f2a0e1fe6431497da000c017528cc6a83b21d,8cb82ecfe714cac2a1d37e41ca2928b4c10ff42bf676aec1b61866ffbe4398ab,manuscript_phase1/data/full_dataset_phase1_v10/dataset.npz,2026-09-14T22:35:27.021046+00:00,2.14.0
5a,low,44,v10,extended,30,200,20,0.3,0.0,200,cap,True,False,687843,200,138,0.21816389245093432,348.761127948761,1.7417214000225067,0,low,"[0.25, 1.0]",mps,,997f2a0e1fe6431497da000c017528cc6a83b21d,8cb82ecfe714cac2a1d37e41ca2928b4c10ff42bf676aec1b61866ffbe4398ab,manuscript_phase1/data/full_dataset_phase1_v10/dataset.npz,2026-09-14T22:41:15.944204+00:00,2.14.0
fusion,fixed1,42,v10,extended,30,200,20,0.3,0.0,200,cap,True,False,697734,200,184,0.15725601994692995,347.12256479263306,1.7312505793571473,0,fixed1,"[1.0, 1.0]",mps,,997f2a0e1fe6431497da000c017528cc6a83b21d,8cb82ecfe714cac2a1d37e41ca2928b4c10ff42bf676aec1b61866ffbe4398ab,manuscript_phase1/data/full_dataset_phase1_v10/dataset.npz,2026-09-14T22:47:03.210991+00:00,2.14.0
fusion,fixed1,43,v10,extended,30,200,20,0.3,0.0,200,cap,True,False,697734,200,170,0.1548698898462102,346.76242113113403,1.729891529083252,0,fixed1,"[1.0, 1.0]",mps,,997f2a0e1fe6431497da000c017528cc6a83b21d,8cb82ecfe714cac2a1d37e41ca2928b4c10ff42bf676aec1b61866ffbe4398ab,manuscript_phase1/data/full_dataset_phase1_v10/dataset.npz,2026-09-14T22:52:50.381805+00:00,2.14.0
fusion,fixed1,44,v10,extended,30,200,20,0.3,0.0,200,cap,True,False,697734,200,190,0.15560359818011996,347.34747195243835,1.7330567288398742,0,fixed1,"[1.0, 1.0]",mps,,997f2a0e1fe6431497da000c017528cc6a83b21d,8cb82ecfe714cac2a1d37e41ca2928b4c10ff42bf676aec1b61866ffbe4398ab,manuscript_phase1/data/full_dataset_phase1_v10/dataset.npz,2026-09-14T22:58:38.073010+00:00,2.14.0
