dataset_version,model,severity,window_centre_meV,delta_MAE,delta_MAE_T_below_268,delta_MAE_T_above_268
v8,cnn_kernel45,0.5,-14.5,-0.000703629091585653,0.0002063101868941819,-0.0009513733735127122
v8,cnn_kernel45,0.5,-14.0,-0.00018176396797869865,0.000341957090320269,-0.00032435468868605155
v8,cnn_kernel45,0.5,-13.5,0.0005009356736116188,-0.0009056586094639274,0.0008839015471207301
v8,cnn_kernel45,0.5,-13.0,-0.0008291307769429102,-0.00015264663559816372,-0.0010133134820927425
v8,cnn_kernel45,0.5,-12.5,0.00038270577485556567,-0.0017828375055018303,0.0009723066170903016
v8,cnn_kernel45,0.5,-12.0,0.0028518741819520965,-0.002596868473525929,0.004335374090695496
v8,cnn_kernel45,0.5,-11.5,0.01115921025109004,-0.0003853908906565756,0.014302396821489247
v8,cnn_kernel45,0.5,-11.0,0.0187327268090718,0.0005448274701990996,0.0236846485120219
v8,cnn_kernel45,0.5,-10.5,0.013046259142849667,0.007247333226232611,0.014625101567984591
v8,cnn_kernel45,0.5,-10.0,0.006013858486065421,0.010026848134857672,0.004921263339956614
v8,cnn_kernel45,0.5,-9.5,0.05698941905485626,0.07812655162385078,0.05123452545464652
v8,cnn_kernel45,0.5,-9.0,0.05120591663207642,0.08055234049927164,0.04321592336543548
v8,cnn_kernel45,0.5,-8.5,0.0029110175212875566,0.0020788639347182475,0.003137583510506206
v8,cnn_kernel45,0.5,-8.0,0.013252762933590276,0.01176774955331461,0.013657079553665324
v8,cnn_kernel45,0.5,-7.5,0.019687384056001067,0.019540853693622073,0.019727279091050792
v8,cnn_kernel45,0.5,-7.0,0.005692454436625888,0.007792359862699605,0.005120724460570228
v8,cnn_kernel45,0.5,-6.5,0.0038078302630864536,0.0032421429616567576,0.0039618469074960555
v8,cnn_kernel45,0.5,-6.0,0.006435563407001008,0.0031407073829534393,0.0073326361667289675
v8,cnn_kernel45,0.5,-5.5,0.0038842517858490994,0.0005999132346376918,0.004778461009715823
v8,cnn_kernel45,0.5,-5.0,0.002419244429243836,-0.0009131537262747486,0.003326538583545313
v8,cnn_kernel45,0.5,-4.5,0.0030328060849646316,-0.0006141749268313706,0.004025750024563041
v8,cnn_kernel45,0.5,-4.0,0.0019654210957653767,0.001090893772218493,0.0022035239548481023
v8,cnn_kernel45,0.5,-3.5,-0.00023360825352168602,0.002029254673560854,-0.0008497057934652996
v8,cnn_kernel45,0.5,-3.0,0.0031074859243161307,0.0004728759258427889,0.0038247970434933526
v8,cnn_kernel45,0.5,-2.5,0.00984587783293668,-0.0003193101033575618,0.012613498975897156
v8,cnn_kernel45,0.5,-2.0,0.009347001641203376,-0.0012064543000572803,0.01222033442928197
v8,cnn_kernel45,0.5,-1.5,0.006083216719552004,0.000277378575708781,0.007663941099682339
v8,cnn_kernel45,0.5,-1.0,0.011188882581209467,0.007651006943284494,0.012152120986446038
v8,cnn_kernel45,0.5,-0.5,0.04413972849013757,0.011934359016727292,0.052908111527427415
v8,cnn_kernel45,0.5,0.0,0.015358580040490497,0.0008170813864755433,0.019317715806341867
v8,cnn_kernel45,0.5,0.5,0.00716548626198539,0.01153099915674606,0.00597691150437879
v8,cnn_kernel45,0.5,1.0,0.005283981160888476,0.007543686252120041,0.004668743387957766
v8,cnn_kernel45,0.5,1.5,0.003843173490362145,0.003572865073291853,0.003916768911803689
v8,cnn_kernel45,0.5,2.0,0.003359599316085954,-2.434870676930323e-05,0.004280928675998233
v8,cnn_kernel45,0.5,2.5,0.0033208203513678952,0.00038331436778885064,0.004120599334174413
v8,cnn_kernel45,0.5,3.0,0.0033606928844371747,0.0003821399968168965,0.004171647487427918
v8,cnn_kernel45,0.5,3.5,0.002600408580548788,0.007501504586157101,0.001266013484874276
v8,cnn_kernel45,0.5,4.0,0.000922687217666085,0.0024845436386635306,0.0004974489554606942
v8,cnn_kernel45,0.5,4.5,-0.0008064478903606065,-0.001069030901014234,-0.0007349558238467641
v8,cnn_kernel45,0.5,5.0,0.0025399320162509953,-0.0002529570811245774,0.0033003369358926976
v8,cnn_kernel45,0.5,5.5,0.008084531737255166,0.0006495068078917754,0.010108826056445697
v8,cnn_kernel45,0.5,6.0,0.005149443407025389,0.00046361596480962164,0.00642522848671262
v8,cnn_kernel45,0.5,6.5,0.004538899377503014,0.0040983270136941,0.004658851649583282
v8,cnn_kernel45,0.5,7.0,0.011270453093980615,0.008687789783407437,0.011973620967342766
v8,cnn_kernel45,0.5,7.5,0.02281924070288413,0.008098557784629284,0.026827162006327537
v8,cnn_kernel45,0.5,8.0,0.011548222525727292,0.0009424020985120407,0.014435812311254084
v8,cnn_kernel45,0.5,8.5,0.012562197869264977,0.012355942314969948,0.01261835396165574
v8,cnn_kernel45,0.5,9.0,0.039047680533110654,0.09072408680754991,0.024978022845158987
v8,cnn_kernel45,0.5,9.5,0.01610371865803434,0.051064997210476734,0.006584999052153082
v8,cnn_kernel45,0.5,10.0,0.02928269231840329,0.005262734745607914,0.035822477204635106
v8,cnn_kernel45,0.5,10.5,0.04745579973614421,0.01038765035189064,0.05754814575170436
v8,cnn_kernel45,0.5,11.0,0.022239053053584507,0.022202048533472907,0.022249128075599617
v8,cnn_kernel45,0.5,11.5,0.007970691515826273,0.020267653023741575,0.004622663827920592
v8,cnn_kernel45,0.5,12.0,0.002807066774236075,0.01122142619563013,0.0005161343109048727
v8,cnn_kernel45,0.5,12.5,0.0019769043896008393,0.008403826990010757,0.0002270806790566765
v8,cnn_kernel45,0.5,13.0,0.00327787252448003,0.012531526405859209,0.0007584298646643312
v8,cnn_kernel45,0.5,13.5,0.00347038098487229,0.008284475862421495,0.002159673219229122
v8,cnn_kernel45,0.5,14.0,0.0009568521095764809,0.0014849526864854634,0.0008130690008506247
v8,cnn_kernel45,0.5,14.5,0.0017083609150938817,0.00386573998653926,0.001120982898186365
v8,cnn,0.5,-14.5,0.001983577852747692,0.005978120613527926,0.0008960051417974679
v8,cnn,0.5,-14.0,0.0036237622397586045,0.0038205812352883894,0.0035701753885584164
v8,cnn,0.5,-13.5,0.003644702649863163,-0.0014069649756536656,0.005020093072077736
v8,cnn,0.5,-13.0,0.0015949226330112531,-0.004968892368737932,0.003382017302698742
v8,cnn,0.5,-12.5,0.0024693369993537273,-0.0032762102783661096,0.004033646309063749
v8,cnn,0.5,-12.0,0.0024928433136016115,0.0038324802188113016,0.002128107565872811
v8,cnn,0.5,-11.5,0.002231629043085437,0.015151500818051278,-0.0012859950788517982
v8,cnn,0.5,-11.0,0.002053187356749503,0.00853819400110925,0.000287549415409899
v8,cnn,0.5,-10.5,0.0033112831218541083,0.006649463556753277,0.0024024146573905225
v8,cnn,0.5,-10.0,0.004358107772493486,0.01655675714231933,0.0010368470025918508
v8,cnn,0.5,-9.5,0.005878843890355534,0.00945349719988997,0.004905592225927596
v8,cnn,0.5,-9.0,0.011838326394153081,0.005849092363801073,0.01346898298765864
v8,cnn,0.5,-8.5,0.002838082238302675,0.00226413115678889,0.0029943488177479327
v8,cnn,0.5,-8.0,0.005380552282095191,-0.0018905419063005857,0.0073602140585795894
v8,cnn,0.5,-7.5,0.0024526332186696753,0.00022389427603443368,0.0030594400045780568
v8,cnn,0.5,-7.0,0.006376692551302576,0.014403551653027091,0.004191262719535405
v8,cnn,0.5,-6.5,0.003986294134888796,0.010540603667487325,0.002201787468252586
v8,cnn,0.5,-6.0,0.002054658558312633,0.003351184821630021,0.001701660313592701
v8,cnn,0.5,-5.5,0.0027299174181233954,0.0011129659175323492,0.0031701561218467067
v8,cnn,0.5,-5.0,0.004509226191600574,0.00041814278886925793,0.0056230835048124705
v8,cnn,0.5,-4.5,0.010514215227469731,0.000666524836850535,0.013195393018299945
v8,cnn,0.5,-4.0,0.009278105304746348,-0.0006740650251476077,0.011987729287694648
v8,cnn,0.5,-3.5,0.0015709258403804605,-0.000362694697839297,0.0020973823227966037
v8,cnn,0.5,-3.0,0.0016973165363855236,0.001376641185648203,0.0017846250924387075
v8,cnn,0.5,-2.5,0.005949801044619035,0.00152318532122786,0.007155011941318429
v8,cnn,0.5,-2.0,0.0008027733196860065,-0.0002409186594853202,0.0010869337313179905
v8,cnn,0.5,-1.5,0.0043173202335511085,0.001515696867333688,0.00508010318567656
v8,cnn,0.5,-1.0,0.0023229592929581433,0.0022124107895963585,0.0023530577404383968
v8,cnn,0.5,-0.5,0.016318745081958186,0.0044476869661609075,0.01955081433994879
v8,cnn,0.5,0.0,0.0025141644043381317,0.0063907062385435975,0.0014587191721245063
v8,cnn,0.5,0.5,0.003197574634293099,0.010223219694584312,0.0012847399741121035
v8,cnn,0.5,1.0,0.0013658585005473234,0.00014467527883765818,0.0016983434998423808
v8,cnn,0.5,1.5,0.000288642328798161,0.00012322164337096042,0.0003336805306830004
v8,cnn,0.5,2.0,-5.022958271838629e-05,-0.0006969975462473715,0.00012586245824250386
v8,cnn,0.5,2.5,-0.00017792267866773015,0.00024408016103133479,-0.0002928191261175883
v8,cnn,0.5,3.0,0.0017688960408674403,0.004646800720152222,0.000985344385184328
v8,cnn,0.5,3.5,0.0017490826926711556,0.0018341497348555447,0.0017259219458169162
v8,cnn,0.5,4.0,0.0016327296439633543,-0.001928775129514143,0.0026024014270730478
v8,cnn,0.5,4.5,0.008349030495869048,0.0005724852843463635,0.010466308708675515
v8,cnn,0.5,5.0,0.006782489680455722,0.00022504551832631947,0.008567849795844712
v8,cnn,0.5,5.5,0.0013814364111514044,-0.0008582392642705744,0.0019912208825767774
v8,cnn,0.5,6.0,0.0017618108309474245,0.0028614249771952427,0.0014624247911293742
v8,cnn,0.5,6.5,0.004700323000348061,0.004519185935945524,0.004749640216355905
v8,cnn,0.5,7.0,0.0016413419684762343,0.00019244793646380765,0.0020358245675228814
v8,cnn,0.5,7.5,0.008147697353576372,0.004938688211953618,0.009021397043534773
v8,cnn,0.5,8.0,0.0013336839286890168,-0.0006705067942436305,0.0018793541764086374
v8,cnn,0.5,8.5,8.9599737082946e-05,9.381266005495381e-05,8.845270716439924e-05
v8,cnn,0.5,9.0,0.00599688506925003,0.02245398218240577,0.001516199595693657
v8,cnn,0.5,9.5,0.00464950746893894,0.021157274349929284,0.0001550264097380516
v8,cnn,0.5,10.0,0.0027402119240029776,0.0038556285694817394,0.002436523422562231
v8,cnn,0.5,10.5,0.004997903290311578,0.00442960860506697,0.0051526298331136255
v8,cnn,0.5,11.0,-0.0005912896049126148,0.0029061676668862557,-0.0015435235186084528
v8,cnn,0.5,11.5,0.0011561807210634378,0.005472027810271535,-1.887179431886432e-05
v8,cnn,0.5,12.0,0.006457257544372874,0.011429076034692787,0.005103607217491896
v8,cnn,0.5,12.5,0.005075554836789176,0.012418801637923249,0.0030762484558188585
v8,cnn,0.5,13.0,9.182289798229104e-05,-0.0018831325036664237,0.0006295334017391574
v8,cnn,0.5,13.5,0.002780645132902465,0.007900791490512732,0.0013866103739602342
v8,cnn,0.5,14.0,0.005109926768177175,0.007156467744215772,0.004552726044421196
v8,cnn,0.5,14.5,0.001070652172185299,0.0013154223411657173,0.0010040099124374868
v8,5a,0.5,-14.5,-0.001152129352345349,-5.3866339899677484e-05,-0.0014511475262173057
v8,5a,0.5,-14.0,-0.00012623830636343536,-9.354345813814002e-05,-0.00013513995715253024
v8,5a,0.5,-13.5,-8.856585000949213e-05,5.3473138990234315e-05,-0.00012723804294323404
v8,5a,0.5,-13.0,-0.0005282759099585477,-0.0011703757868064824,-0.00035345482389562144
v8,5a,0.5,-12.5,0.00010982397309283742,0.0014957329891382154,-0.0002675100338202785
v8,5a,0.5,-12.0,0.00014228488022635655,0.001426758386798177,-0.00020743182512528158
v8,5a,0.5,-11.5,0.0013559289503673466,0.005210806948977603,0.00030638201435892465
v8,5a,0.5,-11.0,0.0011315743148707924,0.006588191789129227,-0.0003540696285023459
v8,5a,0.5,-10.5,0.0017200693681030943,0.01206327356485884,-0.0010960193063316859
v8,5a,0.5,-10.0,0.0030654957928128446,0.00932528016395856,0.0013611779105925093
v8,5a,0.5,-9.5,0.014676534281963333,0.016768817769656635,0.014106879490148605
v8,5a,0.5,-9.0,0.016822060607173395,0.004957414341403676,0.020052384145181956
v8,5a,0.5,-8.5,0.0007807735143520178,0.0020197921572656097,0.0004434325606833822
v8,5a,0.5,-8.0,0.0015582709340779821,0.000647158116887897,0.001806334729089032
v8,5a,0.5,-7.5,0.0016344708101675154,-0.0001929830264152388,0.002132021854733268
v8,5a,0.5,-7.0,0.00041857901498865147,-0.0005637512220050822,0.0006860327945263645
v8,5a,0.5,-6.5,0.00016574147592268718,0.00010900026204707647,0.00018119010158351712
v8,5a,0.5,-6.0,-0.0005166445986468926,-7.525529724042301e-05,-0.0006368192939407991
v8,5a,0.5,-5.5,-0.00034969454626826435,0.00016214997098545902,-0.0004890517049098431
v8,5a,0.5,-5.0,0.0008671392730449368,-1.0687889780758297e-05,0.0011061405616514253
v8,5a,0.5,-4.5,-1.409354311132649e-05,-1.6642551625395408e-05,-1.3399538248720644e-05
v8,5a,0.5,-4.0,0.00042934499926225445,4.713780702181314e-05,0.0005334064994396703
v8,5a,0.5,-3.5,0.00010261640953304618,4.3620018874562794e-05,0.00011867904006859775
v8,5a,0.5,-3.0,-0.0002398470474262726,3.064137439584558e-05,-0.0003134914777951081
v8,5a,0.5,-2.5,-0.00016192850224375221,-0.00011093613932436353,-0.00017581191912005578
v8,5a,0.5,-2.0,0.0003029934634944387,0.00015350747447334667,0.00034369321114141593
v8,5a,0.5,-1.5,0.0007274306146837495,0.000507978394604397,0.0007871796924153185
v8,5a,0.5,-1.0,0.0007054291332181939,0.0005096905194570955,0.0007587218346747637
v8,5a,0.5,-0.5,0.003353153866958558,0.0008519783882987297,0.004034135485830342
v8,5a,0.5,0.0,0.0016623491776630028,-5.9751174163236165e-05,0.002131216194572433
v8,5a,0.5,0.5,0.004970775347010209,9.396756096885506e-05,0.0062985576195456194
v8,5a,0.5,1.0,0.0021378348688202986,-0.0003146476306694346,0.002805559111683953
v8,5a,0.5,1.5,-0.0013575830700268687,1.5329227222832253e-05,-0.001731378530092309
v8,5a,0.5,2.0,0.0009105645415085073,-4.146078375175111e-05,0.0011697673654343654
v8,5a,0.5,2.5,-0.0009706708007388432,-0.00030529070529514146,-0.0011518302669283609
v8,5a,0.5,3.0,-4.324702154728799e-05,0.00087156509719441,-0.00029231800553045084
v8,5a,0.5,3.5,0.0005492878443718319,-1.5239170360753507e-05,0.0007029885837519512
v8,5a,0.5,4.0,0.0010302869702512318,-5.0755113224026926e-05,0.0013246164942508354
v8,5a,0.5,4.5,0.0006525611150201838,-0.00032491019746802574,0.0009186919812701477
v8,5a,0.5,5.0,0.0003770074366917231,-0.00015015934370574135,0.0005205363056548784
v8,5a,0.5,5.5,-1.7218280386366303e-05,6.007478279393408e-05,-3.826244771532039e-05
v8,5a,0.5,6.0,0.0004107992706202379,-0.00013210584128106606,0.0005586131306035413
v8,5a,0.5,6.5,0.0015372867834521353,4.400722566424986e-05,0.0019438539912976505
v8,5a,0.5,7.0,0.0021288470212558197,0.000817853968507698,0.0024857840610625626
v8,5a,0.5,7.5,0.004843071220901746,-0.00045818075240738887,0.006286414633482118
v8,5a,0.5,8.0,0.004998795877710016,0.0035644355977415554,0.005389321450118695
v8,5a,0.5,8.5,-0.0003226016002513543,0.005773668489736594,-0.001982400327042
v8,5a,0.5,9.0,0.008310605788394432,0.0244585737779692,0.00391408524161449
v8,5a,0.5,9.5,0.0010104036848211373,0.011091644376994253,-0.001734361592691691
v8,5a,0.5,10.0,-8.73234567022596e-05,-0.0038276128609333604,0.0009310250579357138
v8,5a,0.5,10.5,0.004784123944313157,0.026017736016846954,-0.0009970376123309699
v8,5a,0.5,11.0,0.00019979336095299338,0.004377634440588002,-0.0009376849991511726
v8,5a,0.5,11.5,0.0020548663897876074,0.017147660352869715,-0.0020543675899828695
v8,5a,0.5,12.0,0.0009691412994385085,0.0072344659910707765,-0.0007366850160949456
v8,5a,0.5,12.5,0.00014921980996848716,0.0011515537433697265,-0.0001236802685911087
v8,5a,0.5,13.0,0.0018482313014935026,0.008998378510267052,-9.850089020821406e-05
v8,5a,0.5,13.5,-2.500968795005054e-06,1.219846542205305e-05,-6.503104828636808e-06
v8,5a,0.5,14.0,-8.2485085605849e-05,-0.00019625755102370412,-5.150886728599868e-05
v8,5a,0.5,14.5,-0.0003512363659168849,0.0013474222638890088,-0.0008137210310294463
v8,fusion,0.5,-14.5,-0.0002085916403516408,-4.825093528565416e-05,-0.00025224674325768914
v8,fusion,0.5,-14.0,1.79273564920035e-05,-0.00013724276418811132,6.017469214794624e-05
v8,fusion,0.5,-13.5,-4.739765698702492e-06,0.00012133789837731612,-3.90662543911513e-05
v8,fusion,0.5,-13.0,-6.634060319843371e-05,0.0011687028905949803,-0.0004025992643585108
v8,fusion,0.5,-12.5,-0.0005801191141025508,0.0003948735151589333,-0.0008455751225783792
v8,fusion,0.5,-12.0,-0.0005413257980402264,0.00010319036718842156,-0.0007168047539676259
v8,fusion,0.5,-11.5,4.383230934640325e-05,-0.0017834300787686885,0.000541331229265779
v8,fusion,0.5,-11.0,-0.0004996393332891702,-0.004517577385985461,0.0005943030881828681
v8,fusion,0.5,-10.5,0.0008527233956184543,0.0003315243848624472,0.000994627451982033
v8,fusion,0.5,-10.0,0.0008152427489780401,0.005557027863619168,-0.00047577762574613214
v8,fusion,0.5,-9.5,0.003923998779133214,0.01090710965545208,0.002022744672858068
v8,fusion,0.5,-9.0,0.00575833819134744,0.0042073603745959864,0.006180614594381545
v8,fusion,0.5,-8.5,0.0015129351565452698,0.0047804388083401705,0.0006233094803568262
v8,fusion,0.5,-8.0,0.004433336759413764,0.017778296632247254,0.0007999761833496488
v8,fusion,0.5,-7.5,0.0018776250751725843,0.008508065289127231,7.239071666584329e-05
v8,fusion,0.5,-7.0,0.0006301250032587358,0.0037066131098089095,-0.0002074938959800987
v8,fusion,0.5,-6.5,0.0006167607058226443,0.00019497470785151405,0.0007315981149394746
v8,fusion,0.5,-6.0,-0.0008784124845812313,1.524649908607456e-05,-0.0011217242180479592
v8,fusion,0.5,-5.5,-0.0013555182501500673,1.0775860098649614e-05,-0.0017275118119735589
v8,fusion,0.5,-5.0,0.00030856292032685473,-5.087180334484298e-06,0.0003939587492600427
v8,fusion,0.5,-4.5,0.00019627863879090324,-3.6108176981186624e-05,0.0002595493494463863
v8,fusion,0.5,-4.0,7.766578541473779e-05,9.623001572869883e-05,7.261140209768868e-05
v8,fusion,0.5,-3.5,-0.00029372323227566666,4.825872772393214e-05,-0.00038683282443846556
v8,fusion,0.5,-3.0,-2.5006330752697092e-05,-7.08955354594143e-05,-1.2512323364410882e-05
v8,fusion,0.5,-2.5,-0.00045172538056653666,-4.767901568780708e-06,-0.0005734160936779475
v8,fusion,0.5,-2.0,-7.56520211903089e-05,9.621004306634151e-05,-0.0001224439827054724
v8,fusion,0.5,-1.5,0.0002735357954641304,0.0002483027026846385,0.00028040587415981144
v8,fusion,0.5,-1.0,0.0015462487850559925,-0.00015217682050769343,0.0020086700059092077
v8,fusion,0.5,-0.5,0.005353328289951775,-0.00017076207950345035,0.006857342716241138
v8,fusion,0.5,0.0,0.002537480343434456,-0.00016037024836118574,0.003272009639419482
v8,fusion,0.5,0.5,0.011647654220640846,-3.895880741494606e-05,0.014829505604869786
v8,fusion,0.5,1.0,0.004323941396312592,1.4741936948059475e-05,0.0054971839972082215
v8,fusion,0.5,1.5,0.00033623892811374123,7.214039169553543e-05,0.0004081436186906817
v8,fusion,0.5,2.0,0.0013626921060452546,-1.975115310737241e-05,0.0017390825099366236
v8,fusion,0.5,2.5,1.56084406083834e-05,0.000217816685079808,-3.944571246652928e-05
v8,fusion,0.5,3.0,0.0008200004666008565,0.00036916638039352634,0.0009427466427437969
v8,fusion,0.5,3.5,-1.695834209572422e-05,0.000208147444099277,-7.824668591985273e-05
v8,fusion,0.5,4.0,-0.00010849019448233577,-9.582599050531049e-05,-0.00011193820930563425
v8,fusion,0.5,4.5,0.00028774116074739564,0.00014296284546788662,0.0003271591753400416
v8,fusion,0.5,5.0,0.0008082376410795955,-0.00010270339035675646,0.0010562546649057203
v8,fusion,0.5,5.5,0.0004076784607710271,0.0010935570749575352,0.00022093797293906703
v8,fusion,0.5,6.0,7.722933860829229e-05,0.0011319678458130145,-0.0002099386519029689
v8,fusion,0.5,6.5,0.0019882138284677553,0.0016776444956398406,0.002072770873283447
v8,fusion,0.5,7.0,0.0022315637999967275,0.0017449797676793999,0.00236404342202709
v8,fusion,0.5,7.5,0.005523352238046092,0.00455853631852382,0.005786037488399454
v8,fusion,0.5,8.0,0.004252206517337681,0.006589630438741112,0.0036158086557850633
v8,fusion,0.5,8.5,0.00022504601730710672,0.002909886679650059,-0.0005059411350356591
v8,fusion,0.5,9.0,0.0074352580943500834,0.004108932153085165,0.00834089899947818
v8,fusion,0.5,9.5,6.0051804901123385e-05,0.0014831635163216617,-0.0003274111801421786
v8,fusion,0.5,10.0,0.005214638896386098,0.016997047784026886,0.0020067056877917377
v8,fusion,0.5,10.5,0.006141540110469246,0.0180108897272582,0.002909936016330772
v8,fusion,0.5,11.0,0.0014921698781931725,0.003499695426400079,0.0009455916755007066
v8,fusion,0.5,11.5,0.00269734256407389,0.015475227107301287,-0.0007816234566012659
v8,fusion,0.5,12.0,0.0012643029505649273,0.007850316266257457,-0.0005288355348780915
v8,fusion,0.5,12.5,0.0005885068491945922,0.00334005051312683,-0.00016064117126535216
v8,fusion,0.5,13.0,0.0011689375181887784,0.004539819131426037,0.00025116567947028323
v8,fusion,0.5,13.5,0.0003769220638397963,0.0017364760969015014,6.763586644864539e-06
v8,fusion,0.5,14.0,-2.6429608304456842e-05,0.0004038046871390477,-0.00014356719001556995
v8,fusion,0.5,14.5,-0.0005231512495737223,-7.88897796633603e-05,-0.0006441079347656309
v8,cnn_kernel45,1.0,-14.5,0.0002457976878154078,0.0010644175211903112,2.2916460916899695e-05
v8,cnn_kernel45,1.0,-14.0,0.00020043079851014833,0.0003770463216053038,0.00015234463827815126
v8,cnn_kernel45,1.0,-13.5,0.0006839760223386337,0.00010208059464678065,0.0008424055662648866
v8,cnn_kernel45,1.0,-13.0,-0.0012458710254382444,-0.0028855226654314753,-0.0007994518766360204
v8,cnn_kernel45,1.0,-12.5,0.0009658395756903249,-0.0012583546142634072,0.0015714089861866287
v8,cnn_kernel45,1.0,-12.0,0.0018433335926104077,-0.001228496610995014,0.0026796843096225653
v8,cnn_kernel45,1.0,-11.5,0.008656973490475478,0.0011821608885983353,0.010692100585643072
v8,cnn_kernel45,1.0,-11.0,0.011570389091412864,0.0009281431446583333,0.01446789625757755
v8,cnn_kernel45,1.0,-10.5,0.006336065671693009,0.0007725439185425342,0.00785081586911568
v8,cnn_kernel45,1.0,-10.0,0.007905982450032573,0.008147604668611405,0.0078401972658394
v8,cnn_kernel45,1.0,-9.5,0.02530139928443806,0.03744207763519711,0.021995921972653765
v8,cnn_kernel45,1.0,-9.0,0.021413933827034326,0.044512348766330145,0.015125052405902895
v8,cnn_kernel45,1.0,-8.5,0.007351614311437105,0.008178551583406343,0.00712646854018853
v8,cnn_kernel45,1.0,-8.0,0.006816109833453682,0.00609629247400513,0.007012090641242474
v8,cnn_kernel45,1.0,-7.5,0.010623372879017962,0.011985404607607997,0.010252539812964201
v8,cnn_kernel45,1.0,-7.0,0.007015479110433598,0.006361950322962051,0.007193411884630685
v8,cnn_kernel45,1.0,-6.5,0.0012667104478799596,0.006012627458677561,-2.5434896026688136e-05
v8,cnn_kernel45,1.0,-6.0,0.006731039524489196,0.004338120074752205,0.00738254685558809
v8,cnn_kernel45,1.0,-5.5,0.0040046334431818875,0.00012324543202485438,0.005061398117975291
v8,cnn_kernel45,1.0,-5.0,0.004673398926106964,-0.0010146204309614132,0.006222045417726113
v8,cnn_kernel45,1.0,-4.5,0.005317856294024703,-7.769293854452408e-05,0.006786873515105901
v8,cnn_kernel45,1.0,-4.0,0.002464793317831726,0.00021184961195785945,0.003078190204672676
v8,cnn_kernel45,1.0,-3.5,0.0014980230087974222,0.0008724646137004272,0.0016683404344345343
v8,cnn_kernel45,1.0,-3.0,0.0036255321727041434,0.0005967185610404879,0.004450170993182567
v8,cnn_kernel45,1.0,-2.5,0.010088414085863112,6.829868737801004e-05,0.012816537107842585
v8,cnn_kernel45,1.0,-2.0,0.010763636542574201,-0.0010752899537218447,0.013986957497036517
v8,cnn_kernel45,1.0,-1.5,0.006897359582056589,0.00513452982255036,0.007377315776120663
v8,cnn_kernel45,1.0,-1.0,0.008879077711894307,0.013423479154813886,0.00764179792972533
v8,cnn_kernel45,1.0,-0.5,0.01630418360830166,0.005511025426992014,0.01924277883832745
v8,cnn_kernel45,1.0,0.0,0.013522409204588415,0.0018865045908201677,0.016690454481110617
v8,cnn_kernel45,1.0,0.5,0.003376360032638054,0.005503060838572077,0.0027973346223710283
v8,cnn_kernel45,1.0,1.0,0.009429911679306346,0.0057602157385441,0.010429040090658925
v8,cnn_kernel45,1.0,1.5,0.005176653412606258,0.006070476320780976,0.004933297048294094
v8,cnn_kernel45,1.0,2.0,0.0036088786863089084,0.0008780271623396729,0.0043523929689163465
v8,cnn_kernel45,1.0,2.5,0.0035406621932969617,0.0033884652407791954,0.003582100040420144
v8,cnn_kernel45,1.0,3.0,0.0007447211270420473,-0.0006673211288177466,0.001129170290851217
v8,cnn_kernel45,1.0,3.5,0.005588908778909413,0.002779162766193194,0.006353903240386843
v8,cnn_kernel45,1.0,4.0,0.0004790618569896765,0.003722780486229732,-0.00040408799880850554
v8,cnn_kernel45,1.0,4.5,0.0026958278698962224,0.0031293655129154274,0.0025777909034762625
v8,cnn_kernel45,1.0,5.0,0.003674804367672674,0.0009984280722334926,0.004403486972283321
v8,cnn_kernel45,1.0,5.5,0.009139845198833707,0.0028114890159137845,0.010862832760086705
v8,cnn_kernel45,1.0,6.0,0.0034686513463810242,0.0002202967149024515,0.004353063421618175
v8,cnn_kernel45,1.0,6.5,0.0032667066473724693,0.0012687010225337914,0.0038106929116415444
v8,cnn_kernel45,1.0,7.0,0.012689113653514328,0.006892830478372386,0.014267236553616613
v8,cnn_kernel45,1.0,7.5,0.014054155559189846,0.005366945156309963,0.016419375694325083
v8,cnn_kernel45,1.0,8.0,0.004864544875421456,-0.0005856383313154606,0.0063484369953218656
v8,cnn_kernel45,1.0,8.5,0.009467718575334044,0.01599922927495652,0.007689419224546246
v8,cnn_kernel45,1.0,9.0,0.02267039285616032,0.049013449954021265,0.0154981101348598
v8,cnn_kernel45,1.0,9.5,0.010461848341450253,0.02762050691759982,0.005790152495017714
v8,cnn_kernel45,1.0,10.0,0.01060087557102124,-0.0019166542299955264,0.014008956203868078
v8,cnn_kernel45,1.0,10.5,0.02057350563590657,0.004262096314917238,0.02501452547648128
v8,cnn_kernel45,1.0,11.0,0.01491544209471149,0.015482123819250723,0.014761154704060891
v8,cnn_kernel45,1.0,11.5,0.007546294211757426,0.014682194067664092,0.005603441070327342
v8,cnn_kernel45,1.0,12.0,0.002840193069283764,0.009534862586009024,0.0010174713433560578
v8,cnn_kernel45,1.0,12.5,0.0018791702836343238,0.00839470549938641,0.00010522049206826423
v8,cnn_kernel45,1.0,13.0,0.005484206938566855,0.013850115456835094,0.0032064659424989317
v8,cnn_kernel45,1.0,13.5,0.0026531330148689414,0.011185538975409595,0.000330060654111064
v8,cnn_kernel45,1.0,14.0,0.0008944296353060321,-0.0018704724404719347,0.0016472146788384656
v8,cnn_kernel45,1.0,14.5,0.0020286102724099975,0.002357605667103163,0.001939036462658944
v8,cnn,1.0,-14.5,0.0033454254364038982,0.00913854441868156,0.0017681640341043747
v8,cnn,1.0,-14.0,0.003802928615649931,0.010683414299721194,0.0019296157194778618
v8,cnn,1.0,-13.5,0.008980506729106441,0.013308518928346003,0.007802142084529784
v8,cnn,1.0,-13.0,0.002442062631401426,0.001609667189033409,0.002668694469399824
v8,cnn,1.0,-12.5,0.002711608226208223,0.001296131870326983,0.0030969923739927185
v8,cnn,1.0,-12.0,0.004537535055698427,0.011781619925870096,0.0025652269612750356
v8,cnn,1.0,-11.5,0.005905416855760404,0.019930732851418137,0.002086819370937576
v8,cnn,1.0,-11.0,-0.0007365458253838775,-0.0003959093535575997,-0.0008292890887054705
v8,cnn,1.0,-10.5,0.003892613697050129,0.005032736512237762,0.003582198579429041
v8,cnn,1.0,-10.0,0.004930062480298286,0.01890577155413095,0.001124971205743397
v8,cnn,1.0,-9.5,-0.0004489260983815413,0.009984906527141596,-0.0032896896885366844
v8,cnn,1.0,-9.0,0.0051996379629255796,0.00474515289584912,0.005323378172027826
v8,cnn,1.0,-8.5,0.00250050400760754,0.0043759689665286705,0.001989881232532298
v8,cnn,1.0,-8.0,0.0011203706485979903,-0.0008957625121424617,0.0016692923997410625
v8,cnn,1.0,-7.5,-0.0005261030385052823,0.004433910025286841,-0.0018765391652883767
v8,cnn,1.0,-7.0,0.0056098889676714225,0.015914894188678835,0.0028042005232750133
v8,cnn,1.0,-6.5,0.0051084074941627755,0.014775907777881375,0.0024762890963055117
v8,cnn,1.0,-6.0,0.008656902820119994,0.00960454100771152,0.008398894458612888
v8,cnn,1.0,-5.5,0.004117764302424776,3.7367873991944744e-05,0.005228711930522295
v8,cnn,1.0,-5.0,0.00489959708756732,-0.00034082061165327526,0.006326377478958201
v8,cnn,1.0,-4.5,0.011980070949576399,0.002731215009700111,0.014498207299619065
v8,cnn,1.0,-4.0,0.009196568232308716,0.005539682883293068,0.010192208772625999
v8,cnn,1.0,-3.5,0.002690463306744606,0.0019302349863999924,0.002897446589891828
v8,cnn,1.0,-3.0,0.004370969061036151,0.0033977897339285135,0.004635931371470087
v8,cnn,1.0,-2.5,0.0060409800965420535,0.0018667496267249784,0.007177475415296314
v8,cnn,1.0,-2.0,0.0025908755373010572,0.002156989932316722,0.00270900724145709
v8,cnn,1.0,-1.5,0.005813255506293968,0.0032760031342753126,0.006504059587225247
v8,cnn,1.0,-1.0,0.004033001288864135,0.00021089374361207835,0.005073625989479802
v8,cnn,1.0,-0.5,0.00768765403719579,0.002790907181737884,0.009020865013109253
v8,cnn,1.0,0.0,0.006160195141421021,0.0035566972486008597,0.006869035534631612
v8,cnn,1.0,0.5,0.008414380883050243,0.004647123429220995,0.009440071843761971
v8,cnn,1.0,1.0,0.003822882620339779,-0.0013371274858387794,0.005227770868077963
v8,cnn,1.0,1.5,0.00014234737181301194,-0.0001142633510658464,0.0002122133955993477
v8,cnn,1.0,2.0,0.005817461297708021,0.00434098493464935,0.006219453589940277
v8,cnn,1.0,2.5,0.005923341167369922,0.0036457545307901906,0.0065434474526474
v8,cnn,1.0,3.0,0.004148561615279406,0.0021680551308128626,0.004687783482551444
v8,cnn,1.0,3.5,0.00313743902253405,-0.000967233448787741,0.004254996158491869
v8,cnn,1.0,4.0,0.003945405231453342,-0.0003850409590843429,0.005124432565772802
v8,cnn,1.0,4.5,0.009398134556817261,0.007072297356790047,0.010031377763949384
v8,cnn,1.0,5.0,0.008353622715128017,0.004350389973178659,0.00944356140059513
v8,cnn,1.0,5.5,0.005102570694801495,0.0021598990370648996,0.005903756107976638
v8,cnn,1.0,6.0,0.0033898513796597196,0.0033530952012752746,0.003399858787006077
v8,cnn,1.0,6.5,0.00440480755409034,0.004970430636026563,0.004250808394377442
v8,cnn,1.0,7.0,0.004923676316413272,0.004640830575763227,0.005000685207633471
v8,cnn,1.0,7.5,0.007210184738141334,9.993006683850503e-05,0.009146055602847203
v8,cnn,1.0,8.0,0.0005086940292957087,-0.0019917211353775166,0.0011894686415603872
v8,cnn,1.0,8.5,0.0032450014732041954,0.007354389082394663,0.002126160571974234
v8,cnn,1.0,9.0,0.003090330037853334,0.008724426424305709,0.0015563648639337346
v8,cnn,1.0,9.5,0.0038922007331335107,0.014085825694458681,0.0011168371940450117
v8,cnn,1.0,10.0,0.0022290449973452198,0.00903716099095292,0.00037543580824592193
v8,cnn,1.0,10.5,0.0031616982843954977,0.00399321863828489,0.0029353047020388434
v8,cnn,1.0,11.0,0.0009106888791129142,0.004476593800616796,-6.018090867562775e-05
v8,cnn,1.0,11.5,0.003985947656368727,0.004322820806688693,0.003894229012388478
v8,cnn,1.0,12.0,0.006836696157996119,0.014695419328220605,0.004697043793583933
v8,cnn,1.0,12.5,0.0038237748068110644,0.011935977072137671,0.001615109050093655
v8,cnn,1.0,13.0,0.002015794589047326,0.007159341153780363,0.0006153887813464542
v8,cnn,1.0,13.5,0.0093697907282011,0.01901427799821817,0.0067439379600285065
v8,cnn,1.0,14.0,0.0026109963757082744,0.0062238136921563825,0.001627354002018827
v8,cnn,1.0,14.5,0.003524085486360573,0.00968462214345156,0.0018467892463892854
v8,5a,1.0,-14.5,-0.0004685093188045719,-9.920857440551267e-05,-0.0005690568497223325
v8,5a,1.0,-14.0,-8.469506353139811e-05,-0.00027281681882257436,-3.347616323587377e-05
v8,5a,1.0,-13.5,7.875825744119158e-05,0.00041090980798841326,-1.1674861918969937e-05
v8,5a,1.0,-13.0,-0.0006818768605824643,-0.0009981610708738042,-0.0005957638567627155
v8,5a,1.0,-12.5,-0.0003105585857558213,-0.0005347328637712034,-0.00024952385866258697
v8,5a,1.0,-12.0,-0.00010811253658882247,-0.0007439655959058655,6.500776200385472e-05
v8,5a,1.0,-11.5,0.00035867035727329966,0.0011065270064766763,0.00015505544260474569
v8,5a,1.0,-11.0,0.000994637022467132,0.0021544347364421124,0.0006788651257869371
v8,5a,1.0,-10.5,0.00040435923905818294,0.0024013253283260427,-0.00013934399644219275
v8,5a,1.0,-10.0,0.001974326973928603,0.004538678478168967,0.0012761447577613327
v8,5a,1.0,-9.5,0.006132756515825483,0.0008224927995731102,0.007578553507273295
v8,5a,1.0,-9.0,0.007046462919968133,-0.002972448497162078,0.009774258140408165
v8,5a,1.0,-8.5,0.0003709385886732919,0.0027883209032804335,-0.0002872291153036832
v8,5a,1.0,-8.0,0.0013330836477793429,-0.0008242259010951547,0.001920442736149719
v8,5a,1.0,-7.5,0.0010417026951578257,0.0004650304395469318,0.001198710154064614
v8,5a,1.0,-7.0,-0.0002922153071512057,-0.0012976297842690054,-1.8476505493220108e-05
v8,5a,1.0,-6.5,0.0005711295113570158,-0.0005958975667012256,0.0008888697081820274
v8,5a,1.0,-6.0,2.973911923037642e-05,-1.505472787294293e-06,3.8245916548163006e-05
v8,5a,1.0,-5.5,0.000793964534337388,5.944254242370994e-05,0.000993948893458968
v8,5a,1.0,-5.0,0.002270731809833615,0.00012394442365179503,0.002855226085460738
v8,5a,1.0,-4.5,0.0008915814594555316,0.0001625237533840196,0.0010900780868083881
v8,5a,1.0,-4.0,0.0007053405759745446,0.0001163445848310074,0.0008657033521892177
v8,5a,1.0,-3.5,-0.00032816171150365503,-0.00011876945578231934,-0.00038517181675093437
v8,5a,1.0,-3.0,0.0004141488293127049,0.0001679255838892002,0.00048118671038221983
v8,5a,1.0,-2.5,0.0015051963306803584,1.0336778268754676e-05,0.0019121937151791724
v8,5a,1.0,-2.0,-0.0009368418153238578,5.256561591449049e-06,-0.0011933418823211472
v8,5a,1.0,-1.5,0.002076174319649793,7.348861893474723e-05,0.0026214348030505485
v8,5a,1.0,-1.0,0.0020558912858515133,0.0004829651156782466,0.002484143449231979
v8,5a,1.0,-0.5,0.002675360544229788,0.0009257100331031554,0.0031517284950963453
v8,5a,1.0,0.0,-0.0006042859885334317,-5.914385189706439e-05,-0.0007527089112308871
v8,5a,1.0,0.5,0.003863528804966515,0.0001891349758546823,0.0048639362851573
v8,5a,1.0,1.0,0.001511052518399586,0.0002460570968222664,0.0018554660301267345
v8,5a,1.0,1.5,3.4387821519210604e-05,0.00028800986260407724,-3.466448992114901e-05
v8,5a,1.0,2.0,-0.00024137941601198865,-8.05147572470466e-05,-0.0002851771729784902
v8,5a,1.0,2.5,0.0004830264763693859,-7.630865498736705e-06,0.000616615116521807
v8,5a,1.0,3.0,0.00019743089103790856,0.00011663479480972239,0.00021942881036723927
v8,5a,1.0,3.5,-0.0011426924860496734,-0.00019365647152022603,-0.001401081426392281
v8,5a,1.0,4.0,0.0006479769943341096,-0.0005121056477878916,0.0009638264668711538
v8,5a,1.0,4.5,0.001542036388775203,0.0002936065643793506,0.001881939674297728
v8,5a,1.0,5.0,0.0012042502536711297,4.990552363456913e-05,0.00151853749569128
v8,5a,1.0,5.5,0.0011884002668343663,0.00019573329474975587,0.0014586683737378148
v8,5a,1.0,6.0,0.0010366912476800494,-0.0006845602040350673,0.0015053271391139156
v8,5a,1.0,6.5,0.0014256983140658042,-0.001331628098290072,0.0021764207723917184
v8,5a,1.0,7.0,0.0024205473732295812,-0.0008366170879931245,0.0033073580535115943
v8,5a,1.0,7.5,0.0032359782644526547,-0.0002384871307751224,0.004181952303356912
v8,5a,1.0,8.0,0.0025873934238574148,0.0015303462654550903,0.0028751899784351664
v8,5a,1.0,8.5,0.0001897752248815332,0.006367621664302825,-0.00149223385658942
v8,5a,1.0,9.0,0.0006458689837568754,0.010759229046764324,-0.002107641262405452
v8,5a,1.0,9.5,-0.0002483931857152344,0.004838229627274676,-0.0016333006691501284
v8,5a,1.0,10.0,0.0006898574698132875,-0.005098945492240103,0.0022659437724588394
v8,5a,1.0,10.5,-0.0001338200050421956,0.0018871691593513873,-0.0006840638742282024
v8,5a,1.0,11.0,0.00032085157130515296,0.00317901482484087,-0.0004573251923800925
v8,5a,1.0,11.5,0.0014275480595755952,0.008900849909005804,-0.0006071677111344209
v8,5a,1.0,12.0,0.0004253925548051152,0.0033832275228658226,-0.00037992129146077747
v8,5a,1.0,12.5,0.0006440133088964906,0.0049005390527193105,-0.000514888102271599
v8,5a,1.0,13.0,0.0019514150293742094,0.010636120012545436,-0.00041312296858844744
v8,5a,1.0,13.5,0.0004519744827285177,0.0012064355452508224,0.00024656141990442304
v8,5a,1.0,14.0,-0.0002106135982729851,0.0002289061438825457,-0.00033027927870715734
v8,5a,1.0,14.5,0.0008344156719130302,-0.001075657987697709,0.0013544611721123534
v8,fusion,1.0,-14.5,-4.010625661604594e-06,-0.00030717601842969455,7.853058814547009e-05
v8,fusion,1.0,-14.0,5.4262214029848765e-05,8.806048361506558e-05,4.506014063129782e-05
v8,fusion,1.0,-13.5,8.161774836479285e-05,0.00018965283472591188,5.220361543697982e-05
v8,fusion,1.0,-13.0,0.00010476507580386984,0.000500565288506255,-2.9973230744329005e-06
v8,fusion,1.0,-12.5,0.00023016698526232005,0.0008793584357500994,5.341511451883996e-05
v8,fusion,1.0,-12.0,-0.00023833586417568164,-0.00013035213542442192,-0.0002677360142427643
v8,fusion,1.0,-11.5,0.00038064211346844345,0.0004733938256316905,0.00035538910277768676
v8,fusion,1.0,-11.0,-0.0008204925259496787,-0.0048657810709882565,0.00028089646722878614
v8,fusion,1.0,-10.5,0.0005419947914231948,-0.001982208492506299,0.001229246067200429
v8,fusion,1.0,-10.0,0.0005688805786877582,0.0036568833662435907,-0.000271873360926711
v8,fusion,1.0,-9.5,-0.000279599444684836,0.006990058366924318,-0.002258870146573305
v8,fusion,1.0,-9.0,0.0029112979591046917,0.005188630068934275,0.002291260972458964
v8,fusion,1.0,-8.5,0.0002973336627062617,0.0007260457274430032,0.00018061053057691345
v8,fusion,1.0,-8.0,0.0027433959167072475,0.00526001912233226,0.002058208428152797
v8,fusion,1.0,-7.5,0.0008181812408183664,0.0013253042069029386,0.000680109593563738
v8,fusion,1.0,-7.0,0.0001578368276889952,0.0029634717187938253,-0.000606038320779767
v8,fusion,1.0,-6.5,0.00033174201542840454,0.000489991278997598,0.0002886563380698759
v8,fusion,1.0,-6.0,5.000890200934638e-05,0.00012991396054581883,2.8253580728387906e-05
v8,fusion,1.0,-5.5,-0.0006023791352717522,0.00016708204934720583,-0.0008118762008041402
v8,fusion,1.0,-5.0,-3.356031279913574e-05,-1.3963473130956805e-05,-3.8895839121061426e-05
v8,fusion,1.0,-4.5,0.0011492454886677939,0.0001041469602291456,0.0014337888539169563
v8,fusion,1.0,-4.0,-5.392661400305254e-05,0.00020802643649117658,-0.00012524716464651364
v8,fusion,1.0,-3.5,4.1904492532801596e-05,-4.729475373421721e-05,6.619029240703678e-05
v8,fusion,1.0,-3.0,6.371197438570508e-06,8.934644213778875e-05,-1.6220026945179544e-05
v8,fusion,1.0,-2.5,0.001139790358173104,0.00020658191165823236,0.0013938700115499192
v8,fusion,1.0,-2.0,0.00015019425433182576,6.510864513875614e-05,0.00017336005632584417
v8,fusion,1.0,-1.5,0.00042536901898704294,0.00011316508951653148,0.0005103711066546113
v8,fusion,1.0,-1.0,0.0017264810897291982,0.00010945071753504232,0.0021667412674003517
v8,fusion,1.0,-0.5,0.001233945976693518,0.0004369001916131876,0.0014509533532930108
v8,fusion,1.0,0.0,0.0008582107123178695,-0.0005119069248318564,0.001231245285282262
v8,fusion,1.0,0.5,0.0057104110123976926,3.20564595709949e-05,0.0072564261196559066
v8,fusion,1.0,1.0,0.005841104909054123,-9.843941511022969e-05,0.007458232753037808
v8,fusion,1.0,1.5,0.0012942206360111175,-4.7028087938300045e-05,0.0016593952249743804
v8,fusion,1.0,2.0,0.000993493267145762,-0.00018009720399181361,0.001313020443765911
v8,fusion,1.0,2.5,0.0019911412445524634,-3.1398388780495834e-05,0.002541807251592254
v8,fusion,1.0,3.0,2.009614401468629e-05,-1.9108414425150766e-05,3.0770158653464774e-05
v8,fusion,1.0,3.5,0.00041924989379202304,-0.00045949209052081885,0.0006585002559331699
v8,fusion,1.0,4.0,0.001600846704232023,-5.8071380278024165e-05,0.0020525114244420717
v8,fusion,1.0,4.5,0.000234894507063238,0.00020699975008589555,0.0002424892627797548
v8,fusion,1.0,5.0,0.000533496920364307,0.0005953779460677322,0.0005166489057325252
v8,fusion,1.0,5.5,0.0021044141487331913,8.456915333440729e-05,0.0026543465011700518
v8,fusion,1.0,6.0,0.0010926429436444451,-0.000841411172393669,0.0016192174739652343
v8,fusion,1.0,6.5,0.001550007382540991,0.0026940313600140875,0.0012385301164096751
v8,fusion,1.0,7.0,0.0023484560750287597,0.0016698899685198276,0.0025332056256558155
v8,fusion,1.0,7.5,0.0023601102518369943,0.003033713735871829,0.0021767118477868386
v8,fusion,1.0,8.0,0.0001898668599204234,0.0016982973348161623,-0.00022082540678153295
v8,fusion,1.0,8.5,0.0007212796731601578,0.0031793530151930927,5.2033241614291015e-05
v8,fusion,1.0,9.0,0.0022788639632038976,0.0016981543363017992,0.0024369706555156523
v8,fusion,1.0,9.5,-0.003367053107517004,-0.004815058933715116,-0.002972812335498648
v8,fusion,1.0,10.0,0.0027749503740901182,0.007828789163354805,0.001398968820778862
v8,fusion,1.0,10.5,0.003040306894974143,0.0006836133744059225,0.0036819511868336763
v8,fusion,1.0,11.0,0.0005361278799035085,0.0016915447551779372,0.00022154873065571845
v8,fusion,1.0,11.5,0.0022230263464659283,0.006124527073512548,0.0011607856905015423
v8,fusion,1.0,12.0,0.0009382972496147779,0.0052564107694033635,-0.0002373723346534018
v8,fusion,1.0,12.5,0.0014808210433875368,0.005800300276677606,0.0003047796236368139
v8,fusion,1.0,13.0,0.0007577778563586657,0.003799285410700348,-7.031707573948442e-05
v8,fusion,1.0,13.5,0.00040076760528659494,0.001637864542396339,6.394986413971182e-05
v8,fusion,1.0,14.0,-2.714932359371147e-06,2.2282338737245055e-05,-9.5208051516249e-06
v8,fusion,1.0,14.5,0.00048518729381974435,3.1030742003113065e-05,0.0006088380598359422
v8,cnn_kernel45,2.0,-14.5,-0.00036094172886011466,0.000991586312895365,-0.000729187277124288
v8,cnn_kernel45,2.0,-14.0,-0.00018953256831610865,-8.596622202300397e-05,-0.00021773002137803754
v8,cnn_kernel45,2.0,-13.5,7.561410161424642e-05,-0.0010975272420673532,0.0003950189967133477
v8,cnn_kernel45,2.0,-13.0,0.0011078465506280943,-0.0027230869177747863,0.00215087423795407
v8,cnn_kernel45,2.0,-12.5,0.0025608779192485,-0.0017577738496521444,0.0037366940497125523
v8,cnn_kernel45,2.0,-12.0,0.0018877827399032265,0.0019127075425849904,0.0018809965976972487
v8,cnn_kernel45,2.0,-11.5,0.004622559792023084,0.0005326050159497331,0.005736109820114299
v8,cnn_kernel45,2.0,-11.0,0.0010983820211923068,-0.001614361625902394,0.0018369661693835027
v8,cnn_kernel45,2.0,-10.5,0.0023870178346740434,0.008486683671457662,0.000726294566135044
v8,cnn_kernel45,2.0,-10.0,0.006199212182028402,0.01468379768093317,0.003889159641614126
v8,cnn_kernel45,2.0,-9.5,0.004860392257772683,0.008766799731898589,0.0037968156681251752
v8,cnn_kernel45,2.0,-9.0,0.005526425854507633,0.019473237538515598,0.001729202317131473
v8,cnn_kernel45,2.0,-8.5,0.007236073750984395,0.009281423655883914,0.006679197313772589
v8,cnn_kernel45,2.0,-8.0,0.0021368684131654325,0.004791843742276286,0.0014140125347560928
v8,cnn_kernel45,2.0,-7.5,0.00349122780273578,0.005352752432402019,0.0029844004862618068
v8,cnn_kernel45,2.0,-7.0,0.004896616850052327,0.007425060548073237,0.004208211059497036
v8,cnn_kernel45,2.0,-6.5,0.007257382005548041,0.0035067504112006043,0.008278546332762204
v8,cnn_kernel45,2.0,-6.0,0.004705069584742483,0.0012485760120733158,0.005646150532008676
v8,cnn_kernel45,2.0,-5.5,0.007374702560712598,0.0037417463313153543,0.00836382804810576
v8,cnn_kernel45,2.0,-5.0,0.006434883141353043,0.0022821943744470996,0.00756551341631212
v8,cnn_kernel45,2.0,-4.5,0.00021019681811554336,-0.0021904740596356,0.0008638145889027227
v8,cnn_kernel45,2.0,-4.0,0.007005197886537584,0.004277072028340989,0.00774797006675898
v8,cnn_kernel45,2.0,-3.5,0.009915341313800285,0.0013442482093399821,0.012248946815523576
v8,cnn_kernel45,2.0,-3.0,0.006034329033590913,-0.0009267150759522669,0.007929575139751566
v8,cnn_kernel45,2.0,-2.5,0.008392808276740438,0.0015262740636313443,0.010262322680818448
v8,cnn_kernel45,2.0,-2.0,0.0023921905740375005,-0.002271971594897948,0.003662076966088612
v8,cnn_kernel45,2.0,-1.5,0.005287780388604557,0.0011199440115646497,0.006422534822048076
v8,cnn_kernel45,2.0,-1.0,0.004536845025679664,0.009451088445754402,0.0031988703540563046
v8,cnn_kernel45,2.0,-0.5,0.010364222863521455,0.0046405747022756905,0.011922569818364481
v8,cnn_kernel45,2.0,0.0,0.006096025758464074,-0.002331103603542467,0.00839043502496456
v8,cnn_kernel45,2.0,0.5,0.00672574203463322,0.0037820282847198794,0.007527211172650372
v8,cnn_kernel45,2.0,1.0,0.005976473265753457,-0.00682700478964729,0.009462407494577552
v8,cnn_kernel45,2.0,1.5,0.006085859468624333,0.001036357713917524,0.0074606602008219225
v8,cnn_kernel45,2.0,2.0,0.008151399587247865,2.8251485966107603e-05,0.010363045507953084
v8,cnn_kernel45,2.0,2.5,0.003423960849180674,0.00015210081050545665,0.004314772615435725
v8,cnn_kernel45,2.0,3.0,0.006133423051007947,0.003998409116700519,0.006714711832104425
v8,cnn_kernel45,2.0,3.5,0.008081043029302404,0.0057133298417563205,0.008725687586725872
v8,cnn_kernel45,2.0,4.0,0.005392421994507901,-0.002860856560952585,0.0076394978353075405
v8,cnn_kernel45,2.0,4.5,0.00993337252332216,-0.0028516465094824694,0.013414281013169826
v8,cnn_kernel45,2.0,5.0,-4.186033853201265e-05,-0.0004118285026296076,5.886890716377824e-05
v8,cnn_kernel45,2.0,5.5,0.005161206836416299,0.002428507001989988,0.005905224348588312
v8,cnn_kernel45,2.0,6.0,-0.00021521927528461715,0.004489898910420287,-0.0014962565421304808
v8,cnn_kernel45,2.0,6.5,0.0025394294608589163,0.004585578853646133,0.001982335351372322
v8,cnn_kernel45,2.0,7.0,0.006097512638541802,0.001051660298420215,0.007471319764223772
v8,cnn_kernel45,2.0,7.5,0.007686860167709697,0.007592711401810975,0.007712493546720323
v8,cnn_kernel45,2.0,8.0,-0.002438910301329783,0.004057982622421574,-0.004207784456142505
v8,cnn_kernel45,2.0,8.5,0.0022738509248695082,0.012927369492151536,-0.0006267253771640169
v8,cnn_kernel45,2.0,9.0,0.006575669015353447,0.02125087010377985,0.0025801308055274363
v8,cnn_kernel45,2.0,9.5,0.009541784366643213,0.021380586884954617,0.006318497167001169
v8,cnn_kernel45,2.0,10.0,0.0018316959803363897,0.00012192578541153631,0.002297205931626356
v8,cnn_kernel45,2.0,10.5,0.003449522302479996,0.0006668522150637679,0.004207144947145525
v8,cnn_kernel45,2.0,11.0,0.006393795955058956,0.002714354210569092,0.007395577804067632
v8,cnn_kernel45,2.0,11.5,0.006678936229516541,0.014903247543274739,0.004439747144091233
v8,cnn_kernel45,2.0,12.0,0.003666662321515829,0.012512414484899481,0.0012582768724521132
v8,cnn_kernel45,2.0,12.5,0.001313653857726027,0.008264628456420897,-0.0005788506767787083
v8,cnn_kernel45,2.0,13.0,0.004691031816651731,0.020484387864503212,0.0003910595593486499
v8,cnn_kernel45,2.0,13.5,0.0042669495290146575,0.01636680891435649,0.0009725857777892477
v8,cnn_kernel45,2.0,14.0,0.0022541274715205672,0.004622708805457509,0.0016092465485402774
v8,cnn_kernel45,2.0,14.5,0.0036593781922537316,0.003946887319336012,0.003581099625847073
v8,cnn,2.0,-14.5,0.002567782974323307,0.006425829870446598,0.0015173732596026612
v8,cnn,2.0,-14.0,0.0038212106669431867,0.015192532623450994,0.0007252018899804313
v8,cnn,2.0,-13.5,0.006586335221534401,0.003995790645591468,0.007291648884704571
v8,cnn,2.0,-13.0,0.0029800173575981748,0.007035675854622392,0.0018758049932684484
v8,cnn,2.0,-12.5,-0.0019243533553350844,-0.0006288502549977593,-0.002277073028963905
v8,cnn,2.0,-12.0,0.0012320608443927017,0.00236606781261689,0.000923310855588666
v8,cnn,2.0,-11.5,0.0017944858414694065,0.003841373573631901,0.0012371907082851519
v8,cnn,2.0,-11.0,-0.0010941882977560935,-0.006779047630682045,0.00045359783105580753
v8,cnn,2.0,-10.5,0.0003183320579893678,0.004656622125249088,-0.0008628308865317735
v8,cnn,2.0,-10.0,0.004346749373168368,0.015570147758280084,0.0012910149527942671
v8,cnn,2.0,-9.5,0.0007869013630090183,0.0032532202430996526,0.0001154099630860661
v8,cnn,2.0,-9.0,0.003009735484848286,0.0026941896344464533,0.0030956474593852312
v8,cnn,2.0,-8.5,0.005231035780050575,-0.0043066944627287995,0.007827822385590877
v8,cnn,2.0,-8.0,0.003377748855916851,-0.010119363302845907,0.007052535117971714
v8,cnn,2.0,-7.5,0.003994646312147687,0.0035012310231150034,0.004128985843767141
v8,cnn,2.0,-7.0,0.004584338813744815,0.0031169401230632943,0.004983859576856597
v8,cnn,2.0,-6.5,0.007411122738315956,0.008071592120070359,0.00723130028577712
v8,cnn,2.0,-6.0,0.0070866647963936935,-0.00042642660420566525,0.009132213854572024
v8,cnn,2.0,-5.5,0.0061914281449438335,0.002348774090939254,0.007237646933184239
v8,cnn,2.0,-5.0,0.006854629917456945,0.0005494302067790557,0.00857131279033857
v8,cnn,2.0,-4.5,0.003873859715018191,0.0020166459933785297,0.004379513323708839
v8,cnn,2.0,-4.0,0.006217646398380128,0.0053797971630756836,0.0064457631113000735
v8,cnn,2.0,-3.5,0.010010942611504203,0.006048881402945738,0.01108967174462322
v8,cnn,2.0,-3.0,0.004805007214977064,0.0004277412495126698,0.005996781918042371
v8,cnn,2.0,-2.5,0.007142800443714237,0.0011816795186666562,0.008765802832976455
v8,cnn,2.0,-2.0,0.0003817287822209803,0.0013187742829272042,0.00012660443470041693
v8,cnn,2.0,-1.5,-0.0031266930055564024,-0.0012329755041759483,-0.0036422853023699853
v8,cnn,2.0,-1.0,0.005480105318455664,-0.0017234415680495996,0.007441376353712836
v8,cnn,2.0,-0.5,0.001762427944377809,0.002940050015911966,0.001441803105563133
v8,cnn,2.0,0.0,0.006049648537058472,0.0032470055190277902,0.00681270910430859
v8,cnn,2.0,0.5,-0.0009539173286449154,-0.0009160615130076599,-0.0009642241283223663
v8,cnn,2.0,1.0,-0.00015920084757431452,0.0009281979758390402,-0.0004552610870278695
v8,cnn,2.0,1.5,0.002470971762131402,-0.001871832454764022,0.0036533637499374105
v8,cnn,2.0,2.0,0.0002791428638089233,-0.00016199285990897705,0.0003992485188669681
v8,cnn,2.0,2.5,0.008895404483538427,0.0050697119356966636,0.009937005253561448
v8,cnn,2.0,3.0,0.007031711568314891,-0.001049371863005355,0.009231904767173005
v8,cnn,2.0,3.5,0.005223909753494682,0.00992134755147428,0.003944963584579075
v8,cnn,2.0,4.0,0.0072816098941079765,-0.004111083180397546,0.010383437270627183
v8,cnn,2.0,4.5,0.009863354830185356,-0.0007085589602210951,0.012741713037751456
v8,cnn,2.0,5.0,0.008582579867701945,-0.0013759940660430514,0.01129394732548994
v8,cnn,2.0,5.5,0.009318850367547926,0.008585705474166483,0.009518459791445555
v8,cnn,2.0,6.0,0.010014094799117634,0.007508900607042623,0.010696170571514507
v8,cnn,2.0,6.5,0.001123655480883945,0.008705591649683153,-0.0009406375727077365
v8,cnn,2.0,7.0,0.0033466610795321317,0.00604344650339661,0.0026124217911007164
v8,cnn,2.0,7.5,0.0075024598605528126,0.0022616707648623335,0.008929341370066346
v8,cnn,2.0,8.0,-0.001384960381361433,-0.0003536867366567553,-0.00166573971974171
v8,cnn,2.0,8.5,0.001698291294470522,0.004853173128516686,0.000839328555938823
v8,cnn,2.0,9.0,0.00574268184807214,0.006213590965620519,0.005614469950927847
v8,cnn,2.0,9.5,-0.0008863900854886309,-0.002649914541336562,-0.00040624475018147255
v8,cnn,2.0,10.0,0.002797368823722224,-9.321962332087264e-05,0.0035843738207543274
v8,cnn,2.0,10.5,0.00016902029897114534,0.007941030108544966,-0.001947023084297117
v8,cnn,2.0,11.0,8.779266616365522e-05,0.0008908332189450641,-0.00013084687365227943
v8,cnn,2.0,11.5,0.0016627744001306843,0.0022254343366951423,0.0015095820000989857
v8,cnn,2.0,12.0,0.0038773559694331716,0.004048091909362617,0.003830870611742365
v8,cnn,2.0,12.5,0.0023303956364839618,-0.00020795332589423898,0.0030214982801848866
v8,cnn,2.0,13.0,-0.0023629118061369025,-0.0063638895949197916,-0.0012735870646616854
v8,cnn,2.0,13.5,0.004994770469199217,0.018206201190146487,0.0013977651584069495
v8,cnn,2.0,14.0,0.0047895008789575755,0.01881937220040092,0.0009696631400403777
v8,cnn,2.0,14.5,0.002606721754868646,0.004554147234506367,0.002076506675170786
v8,5a,2.0,-14.5,-0.00016899138626946808,-0.0010355063206357595,6.692998262902705e-05
v8,5a,2.0,-14.0,9.722787048677128e-05,-0.0002444772589431099,0.00019026209147632311
v8,5a,2.0,-13.5,9.109973100335234e-05,-0.0003625833011607349,0.0002146215743658031
v8,5a,2.0,-13.0,0.0001321677236507668,0.0012551708918679405,-0.00017358631960445736
v8,5a,2.0,-12.5,0.0001922021372632865,0.0006038461742207124,8.012602541968006e-05
v8,5a,2.0,-12.0,-0.0001640149221857623,-0.0014868154657594057,0.00019613687975389427
v8,5a,2.0,-11.5,-0.0005012482926277095,-0.0028689709140969355,0.0001433988333191527
v8,5a,2.0,-11.0,0.00020149804447783248,0.00023564648213791894,0.00019220063269748122
v8,5a,2.0,-10.5,-0.00018916735884133562,-0.001165617356022497,7.668543937311423e-05
v8,5a,2.0,-10.0,0.0019498745157869313,0.00792064725555841,0.00032424427874971906
v8,5a,2.0,-9.5,0.0015268498536163966,-0.0001265982625637263,0.001977025294917112
v8,5a,2.0,-9.0,0.0007651439706928831,-0.0008199477312103021,0.0011967083780811127
v8,5a,2.0,-8.5,0.0019967172301839087,0.003390718358815381,0.0016171800272229975
v8,5a,2.0,-8.0,0.0005412473273832541,0.0031774976563485047,-0.00017651039577037952
v8,5a,2.0,-7.5,0.0006079611617164082,0.0035928215041974854,-0.00020471073814504193
v8,5a,2.0,-7.0,0.0011145975893433469,0.001144029869104668,0.0011065842205531529
v8,5a,2.0,-6.5,-0.00010654408018268002,0.0021783413134513485,-0.0007286375588567151
v8,5a,2.0,-6.0,0.00036843066737879404,0.001876813067976213,-4.224851039219546e-05
v8,5a,2.0,-5.5,0.00134485500087983,-0.0004027937234284962,0.0018206779359967173
v8,5a,2.0,-5.0,0.000780688417622688,0.0001928374661578358,0.000940739440031535
v8,5a,2.0,-4.5,-0.0005732702709818072,-6.537052521321529e-05,-0.0007115534078706576
v8,5a,2.0,-4.0,0.0002075041649529652,0.000374233370466881,0.00016210969932933805
v8,5a,2.0,-3.5,1.0035207577974159e-05,8.330739326645187e-05,-9.91421702445372e-06
v8,5a,2.0,-3.0,0.0007759402468772714,-0.0001475299197914448,0.001027368511084703
v8,5a,2.0,-2.5,0.00035362630171759113,-0.0002933233494746834,0.0005297678098028502
v8,5a,2.0,-2.0,-0.00026386323357369124,-0.0010021605450556414,-6.285098846303683e-05
v8,5a,2.0,-1.5,0.00027658846035621965,-0.0011689747637048664,0.0006701641982047035
v8,5a,2.0,-1.0,0.0006068841841521122,0.0004931614093040548,0.0006378468734870579
v8,5a,2.0,-0.5,0.00037497953976739495,0.00041534521869407426,0.00036398939308740497
v8,5a,2.0,0.0,0.00018931848207714985,0.001352395444551291,-0.00012734623798599243
v8,5a,2.0,0.5,0.0016603056988739873,0.0006044398691515407,0.0019477806194342917
v8,5a,2.0,1.0,7.500399713755712e-06,-0.00032593485699083935,9.82830268569379e-05
v8,5a,2.0,1.5,0.0006077846988926661,-0.0006618541157646374,0.0009534624423233606
v8,5a,2.0,2.0,0.008938634560204772,-0.0006071234954596605,0.011537606855258287
v8,5a,2.0,2.5,0.0028364063430573183,-1.0923656556749428e-05,0.0036116335948604417
v8,5a,2.0,3.0,-0.0009086062739424028,-0.00031367932791565023,-0.0010705838394002298
v8,5a,2.0,3.5,0.0007191882905307478,0.0016012426750078301,0.0004790360789807546
v8,5a,2.0,4.0,0.0029447822302461346,0.0016248408716600937,0.003304155577240009
v8,5a,2.0,4.5,0.00047747902353145744,0.0020645034841820786,4.538839429557573e-05
v8,5a,2.0,5.0,0.0001351937406822712,0.00014515559122280086,0.00013248148112021685
v8,5a,2.0,5.5,0.0007913856843744238,0.001548051567185349,0.0005853723269677036
v8,5a,2.0,6.0,-0.0006543189597048582,0.00182162040867756,-0.0013284296783231953
v8,5a,2.0,6.5,0.0031924328108952627,0.00218796567567775,0.0034659136848601557
v8,5a,2.0,7.0,0.0029172828615492974,0.0016640978981377619,0.0032584808032412593
v8,5a,2.0,7.5,0.002366767616238996,0.0026926903392416324,0.0022780303863119133
v8,5a,2.0,8.0,-0.00019858142227169306,0.002317463634133876,-0.0008836115012424428
v8,5a,2.0,8.5,0.002606355648705372,0.0038408290790911126,0.0022702521956485255
v8,5a,2.0,9.0,0.0027820639651509604,0.00631502245970228,0.0018201643241405607
v8,5a,2.0,9.5,-0.0006559056493705695,-0.003507542430058519,0.00012049418659265676
v8,5a,2.0,10.0,-7.204910037950096e-05,0.00433435547015093,-0.0012717572150024448
v8,5a,2.0,10.5,-0.00041743584690623337,0.003096787738170681,-0.0013742346347008216
v8,5a,2.0,11.0,-4.331778723432045e-05,-0.005204898661833657,0.0013619981251882796
v8,5a,2.0,11.5,0.0018444218599157347,0.0001045018182441737,0.0023181405481060846
v8,5a,2.0,12.0,-0.0014109003854791968,-0.006416628625453891,-4.801763311984564e-05
v8,5a,2.0,12.5,-3.814665478535373e-05,-0.0016560482855388914,0.0004023507357757694
v8,5a,2.0,13.0,0.0018875050938388926,0.006869912287950364,0.0005309718374267303
v8,5a,2.0,13.5,0.0004328291170920262,0.0019369951283958464,2.329791299643391e-05
v8,5a,2.0,14.0,0.0003477664229771804,0.0009829513801150602,0.0001748280249774803
v8,5a,2.0,14.5,-0.0006693001593171544,-0.0006833090909978412,-0.0006654860227021109
v8,fusion,2.0,-14.5,-0.00032456814187270533,-0.000728855788638072,-0.00021449491489072825
v8,fusion,2.0,-14.0,-2.8723030661592652e-05,-0.0002118750762578614,2.1142793457440412e-05
v8,fusion,2.0,-13.5,-9.113905206326045e-05,8.92393087905119e-05,-0.0001402496999293179
v8,fusion,2.0,-13.0,0.0003291485189408916,0.0006326224794175328,0.0002465232930605743
v8,fusion,2.0,-12.5,-3.3650224519121696e-05,0.0005992078933615419,-0.00020595510648657722
v8,fusion,2.0,-12.0,-0.00040265273178619054,-0.0011451078950199256,-0.00020050845070218593
v8,fusion,2.0,-11.5,-0.0007412034139138157,-0.00354085351484712,2.104228786703466e-05
v8,fusion,2.0,-11.0,-0.0004646542177207391,-0.001588852772313687,-0.00015857471303515336
v8,fusion,2.0,-10.5,0.00016597038631893657,9.113112636061071e-05,0.00018634646981902092
v8,fusion,2.0,-10.0,0.00041145907237272183,-0.0006248884173913338,0.0006936198393059922
v8,fusion,2.0,-9.5,-0.0012590061532501973,-0.0030699013164745548,-0.0007659634497769185
v8,fusion,2.0,-9.0,0.00019384338206313023,-0.0017859878167184595,0.0007328813929273759
v8,fusion,2.0,-8.5,0.0004388086095694077,-0.0029942254207623864,0.0013735023531966095
v8,fusion,2.0,-8.0,-0.0005394758493831864,0.00026474461566378116,-0.0007584366375766871
v8,fusion,2.0,-7.5,-0.00018246509129116184,0.00010075319129437821,-0.0002595754125040983
v8,fusion,2.0,-7.0,-0.00048572221809395355,-0.0020814323822004877,-5.1266779011460706e-05
v8,fusion,2.0,-6.5,0.0005116742473130764,0.0011544887853136565,0.000336658584295102
v8,fusion,2.0,-6.0,0.0011501982728926996,0.0005337396967355357,0.0013180381396835639
v8,fusion,2.0,-5.5,-0.0010683833190541225,-0.00019285444611238933,-0.0013067588646132333
v8,fusion,2.0,-5.0,0.00029386731260849785,0.00013719060436712116,0.0003365248387710018
v8,fusion,2.0,-4.5,-8.345373930429556e-05,-0.00041702483139482993,7.365871010411862e-06
v8,fusion,2.0,-4.0,0.0001709558224258778,-9.666827748128215e-05,0.0002438203992454202
v8,fusion,2.0,-3.5,-4.119334873281533e-05,-0.00022518361492135375,8.9006932065816e-06
v8,fusion,2.0,-3.0,0.001017492660153052,7.03495396672249e-05,0.001275366232397268
v8,fusion,2.0,-2.5,0.0008660344202071069,-4.1004940519229205e-05,0.0011129891570970107
v8,fusion,2.0,-2.0,0.00016324260533673307,0.00010751754718596462,0.0001784145677341531
v8,fusion,2.0,-1.5,0.00023917564136272107,-0.0005179805988649866,0.0004453225057504673
v8,fusion,2.0,-1.0,-0.00013518571806842017,-0.00021623320459768225,-0.00011311935405161622
v8,fusion,2.0,-0.5,0.00030534677753690787,8.864694121196726e-05,0.0003643464785210715
v8,fusion,2.0,0.0,0.0002705827727254584,8.129538549200843e-05,0.0003221190333718149
v8,fusion,2.0,0.5,0.0026489340907769887,0.0001575746007751455,0.003327243163118554
v8,fusion,2.0,1.0,0.0033578501326766985,-0.0004762532798764929,0.004401740883677119
v8,fusion,2.0,1.5,-0.00025217884457012785,-0.00025232168159439183,-0.00025213995510037224
v8,fusion,2.0,2.0,0.005571545349980389,-0.00025572898471054595,0.007158106046702917
v8,fusion,2.0,2.5,-0.0006317238438999229,6.566904841104337e-05,-0.0008215992624171498
v8,fusion,2.0,3.0,0.0008353311718618528,-0.00038918580948155146,0.0011687238359936458
v8,fusion,2.0,3.5,0.0006629037035594254,0.0006761362550317673,0.0006593009478151335
v8,fusion,2.0,4.0,0.0023860002019137627,0.0004795430400015288,0.002905061057701497
v8,fusion,2.0,4.5,0.0002993041171797106,0.00011958172868575812,0.0003482361669733258
v8,fusion,2.0,5.0,-0.00041415261982763463,0.0005376718518843582,-0.000673300758436246
v8,fusion,2.0,5.5,0.0007915462484756053,0.0011987766235432296,0.0006806718206582296
v8,fusion,2.0,6.0,0.0005095906474671397,0.003269349460774562,-0.0002417940676062713
v8,fusion,2.0,6.5,0.0011111823307619617,0.0010822037381594818,0.001119072176584912
v8,fusion,2.0,7.0,0.001151300963862012,0.00039061845863280764,0.0013584079054894116
v8,fusion,2.0,7.5,0.0012887340485589482,0.00021772616115167676,0.0015803316158683467
v8,fusion,2.0,8.0,-0.0004934934910611477,0.0011374542084992,-0.0009375428647327988
v8,fusion,2.0,8.5,0.0020159110624770604,0.0024216974967193328,0.0019054297686758037
v8,fusion,2.0,9.0,0.0013793795183293378,0.0018888008371645837,0.0012406821109111066
v8,fusion,2.0,9.5,-0.001270479132557789,-0.005789394099433576,-4.013841638550453e-05
v8,fusion,2.0,10.0,-0.0027358581112342795,-0.007325870215767583,-0.001486160159109462
v8,fusion,2.0,10.5,0.00040781875381162846,0.0025058526080141696,-0.00016340165941919338
v8,fusion,2.0,11.0,0.00093748175383912,0.0021247165570919546,0.000614239708169817
v8,fusion,2.0,11.5,0.001741623653694846,0.0018893927399297183,0.0017013913579514983
v8,fusion,2.0,12.0,2.3506814093854356e-05,0.0013037346210528211,-0.0003250539374191064
v8,fusion,2.0,12.5,0.000479743360484175,0.00017967711486371885,0.0005614407861366799
v8,fusion,2.0,13.0,0.00016241866309291142,0.0010483635331006158,-7.879279006428597e-05
v8,fusion,2.0,13.5,0.0003559181738809758,0.0013440829606750082,8.687585279459897e-05
v8,fusion,2.0,14.0,0.00041350265964862354,0.0006895293844312866,0.0003383503452676351
v8,fusion,2.0,14.5,-0.00016710946163106533,-0.0008581798274151509,2.1044556534066672e-05
v8,cnn_kernel45,12.0,-14.5,-0.0003329668771445693,-0.0008290986636054765,-0.0001978877393553624
v8,cnn_kernel45,12.0,-14.0,0.0009646398003426704,0.001349871882420306,0.0008597547296493868
v8,cnn_kernel45,12.0,-13.5,0.004912971877141459,0.00037825151094206255,0.006147615844529053
v8,cnn_kernel45,12.0,-13.0,0.0001238670132732711,0.0007771234230407043,-5.399160210850518e-05
v8,cnn_kernel45,12.0,-12.5,0.0024021015803157297,-0.0003407939041260022,0.0031488950073772504
v8,cnn_kernel45,12.0,-12.0,-0.0027698547852885724,0.002639494984297608,-0.004242629404489051
v8,cnn_kernel45,12.0,-11.5,-0.002946636899267885,-0.007433731977122937,-0.0017249596134401024
v8,cnn_kernel45,12.0,-11.0,0.00044849350552822465,0.004040239365146858,-0.000529411855742401
v8,cnn_kernel45,12.0,-10.5,0.0014316060366916794,0.0010996647586491992,0.0015219819062857187
v8,cnn_kernel45,12.0,-10.0,0.0020797920370170253,0.0059134188998579695,0.0010360310336481326
v8,cnn_kernel45,12.0,-9.5,-0.0027784995000326163,-0.007741638608831147,-0.0014272122617595695
v8,cnn_kernel45,12.0,-9.0,-0.0004917729074209731,0.007925693418728619,-0.002783551271029472
v8,cnn_kernel45,12.0,-8.5,0.001011094837428228,0.005539354664781948,-0.0002217901537344691
v8,cnn_kernel45,12.0,-8.0,-0.002530252624240781,-0.009217329116843587,-0.000709598210224538
v8,cnn_kernel45,12.0,-7.5,0.0011081064481464065,-0.012316569087779339,0.004763170779810588
v8,cnn_kernel45,12.0,-7.0,0.0008753417048912304,-0.004511044548054066,0.0023418641707060317
v8,cnn_kernel45,12.0,-6.5,-0.001303236577501421,0.004033228038440528,-0.002756167147236477
v8,cnn_kernel45,12.0,-6.0,0.004161005782439942,-0.0024684505003580437,0.005965972251293028
v8,cnn_kernel45,12.0,-5.5,0.0018189488679287713,-0.009367664631839023,0.004864668065066358
v8,cnn_kernel45,12.0,-5.0,0.0038987668813450505,0.00298356483529294,0.004147944028742856
v8,cnn_kernel45,12.0,-4.5,-0.0018599490572221988,0.0017396143256722674,-0.0028399828535825566
v8,cnn_kernel45,12.0,-4.0,-0.003358738569887443,-0.004338634226505933,-0.003091947640477377
v8,cnn_kernel45,12.0,-3.5,0.0028924532550340665,-0.003299516625702381,0.004578307650043634
v8,cnn_kernel45,12.0,-3.0,0.002459031043795523,0.0015806840096759256,0.0026981738749674022
v8,cnn_kernel45,12.0,-2.5,0.00308291826412721,0.0009884958888684015,0.003653155399375496
v8,cnn_kernel45,12.0,-2.0,0.00525398075397443,0.0037511710739024373,0.0056631426770472615
v8,cnn_kernel45,12.0,-1.5,0.003349566653490177,-0.004754103787099728,0.005555909496093525
v8,cnn_kernel45,12.0,-1.0,0.0023782344963845237,-0.009972503026423052,0.005740903491143312
v8,cnn_kernel45,12.0,-0.5,0.0023480583949369027,-0.0023106437391433587,0.0036164582126123612
v8,cnn_kernel45,12.0,0.0,0.007591116966995548,0.01862878822090508,0.00458594947547275
v8,cnn_kernel45,12.0,0.5,-0.0014844599517724877,-0.013013928418729392,0.0016546065265077292
v8,cnn_kernel45,12.0,1.0,0.0032533701193362408,0.003843072775716827,0.0030928149431717067
v8,cnn_kernel45,12.0,1.5,0.005757878063930688,0.007838226912468382,0.005191472652241957
v8,cnn_kernel45,12.0,2.0,0.006180674787251039,-0.0074161093996083505,0.00988259821726123
v8,cnn_kernel45,12.0,2.5,0.0010789011040595042,-0.0051445354010044575,0.002773322747931628
v8,cnn_kernel45,12.0,3.0,-0.0013501669018958218,0.0007574674708117346,-0.0019240011967551762
v8,cnn_kernel45,12.0,3.5,0.004405343485082147,0.0015992299412510569,0.005169348953758535
v8,cnn_kernel45,12.0,4.0,-0.0010154716999097868,0.0018585227717096142,-0.0017979587443459621
v8,cnn_kernel45,12.0,4.5,0.003246828854467143,0.003400047609665169,0.0032051128066141743
v8,cnn_kernel45,12.0,5.0,0.0025426444707121743,-0.005580288602343275,0.004754231846836321
v8,cnn_kernel45,12.0,5.5,0.00033998239226629146,-0.000870268548810671,0.0006694909182081155
v8,cnn_kernel45,12.0,6.0,0.0024033077021425875,0.015550157927222363,-0.001176114623770097
v8,cnn_kernel45,12.0,6.5,3.276658943507371e-05,-0.005630128877672558,0.0015745727344238514
v8,cnn_kernel45,12.0,7.0,-0.00171020204095651,0.006830356011761518,-0.0040354939280833335
v8,cnn_kernel45,12.0,7.5,0.007459704183528482,0.01474401414846982,0.005476444218518894
v8,cnn_kernel45,12.0,8.0,0.005840378562657733,7.004973360680289e-05,0.007411435012297574
v8,cnn_kernel45,12.0,8.5,-0.0020980699992425578,0.001293797280952802,-0.0030215554928330057
v8,cnn_kernel45,12.0,9.0,0.004616025768037213,0.005377844902271889,0.004408609362532623
v8,cnn_kernel45,12.0,9.5,0.0002771110980603897,0.004574896106122939,-0.0008930237514630512
v8,cnn_kernel45,12.0,10.0,-0.0006011055690771094,0.0015712090480690666,-0.0011925500068246109
v8,cnn_kernel45,12.0,10.5,-0.0007154397532196377,-0.003757431801172162,0.0001127870893522509
v8,cnn_kernel45,12.0,11.0,0.002458326230233343,0.006822719640985353,0.0012700562685272754
v8,cnn_kernel45,12.0,11.5,-0.0021603462158794606,0.007189917119589717,-0.004706092213068169
v8,cnn_kernel45,12.0,12.0,0.0010217177025571011,0.0086234940565324,-0.0010479771317315478
v8,cnn_kernel45,12.0,12.5,0.0023570891219253376,0.007891715623800533,0.0008502060794299826
v8,cnn_kernel45,12.0,13.0,0.005231172235135251,0.01513139883661152,0.0025356906922391342
v8,cnn_kernel45,12.0,13.5,0.004173813368506973,0.012444129363516243,0.0019220988355146407
v8,cnn_kernel45,12.0,14.0,0.0005401611565478692,-0.0041277498588725425,0.0018110682269036893
v8,cnn_kernel45,12.0,14.5,-0.001803343411008962,-0.0019058275063317254,-0.0017754406166079484
v8,cnn,12.0,-14.5,0.012095067793567837,0.01800786393674292,0.01048522253321238
v8,cnn,12.0,-14.0,0.016424759453550264,0.026876104577034043,0.013579227829599416
v8,cnn,12.0,-13.5,0.004853801764884036,0.012232810316417542,0.0028447587241362537
v8,cnn,12.0,-13.0,-7.645804881195595e-05,0.0001892436098458461,-0.00014879921287391795
v8,cnn,12.0,-12.5,-0.004463170503254288,0.0016124204457625968,-0.006117339031358249
v8,cnn,12.0,-12.0,0.005021417577903975,0.008625600135934608,0.004040126143529443
v8,cnn,12.0,-11.5,0.016614816026391477,0.02836625745029564,0.013415314162886105
v8,cnn,12.0,-11.0,0.013551223419918879,0.030628880552622473,0.008901581401600023
v8,cnn,12.0,-10.5,0.0037517072256199047,0.005198956789257414,0.0033576723571482336
v8,cnn,12.0,-10.0,0.005839801626630781,0.014850228417727207,0.0033865811008104707
v8,cnn,12.0,-9.5,0.007765881754431714,0.01653669339625008,0.005377899958822319
v8,cnn,12.0,-9.0,0.004828040218155749,-0.0002574745995045369,0.006212646033651126
v8,cnn,12.0,-8.5,0.005703767375059066,0.01676042985417303,0.0026934292446136876
v8,cnn,12.0,-8.0,0.005720988436815233,0.009921847308543619,0.004577243146039578
v8,cnn,12.0,-7.5,0.006209718945015652,0.0018696402550624214,0.007391368868234549
v8,cnn,12.0,-7.0,0.013171366420697161,0.024832666779047496,0.009996406781146439
v8,cnn,12.0,-6.5,0.0012742537810943588,0.011460939671763093,-0.0014992204944823673
v8,cnn,12.0,-6.0,0.008956196531228366,0.0064742904166004145,0.009631931783811831
v8,cnn,12.0,-5.5,0.006678548484327473,0.011149040721384562,0.005461391564823392
v8,cnn,12.0,-5.0,0.004763308076479511,0.00892368409306843,0.0036305848353217485
v8,cnn,12.0,-4.5,-0.00048377580879854776,0.006969771432077998,-0.002513113098299602
v8,cnn,12.0,-4.0,-0.006093783353086746,-0.0077506319164208914,-0.005642682090296169
v8,cnn,12.0,-3.5,-0.003687192709912024,-0.004872902287779368,-0.003364365929169777
v8,cnn,12.0,-3.0,-0.00013852817465043188,-0.0043468498465291106,0.0010072489726551392
v8,cnn,12.0,-2.5,0.008386666228455741,0.005780224517173638,0.009096308119313834
v8,cnn,12.0,-2.0,0.002839309670259693,0.0031770690869410423,0.0027473497272956227
v8,cnn,12.0,-1.5,-0.00013937515647732823,-0.001275624877562942,0.0001699854546068913
v8,cnn,12.0,-1.0,0.003514301028832545,-0.00491974217971114,0.005810592691209759
v8,cnn,12.0,-0.5,-0.0013546436762492675,0.0005792732506633147,-0.001881180854823139
v8,cnn,12.0,0.0,0.014897817453871864,0.012445591395900957,0.015565471876780146
v8,cnn,12.0,0.5,0.003747546274632363,0.010999009639860224,0.0017732292769749858
v8,cnn,12.0,1.0,0.006383138458578186,0.0057186592157907334,0.00656405265445148
v8,cnn,12.0,1.5,0.0013476363685138715,0.0025496073945718845,0.0010203821705794258
v8,cnn,12.0,2.0,0.0031452391529762647,0.011287680604493255,0.0009283403353876896
v8,cnn,12.0,2.5,-0.0011911214582678298,-0.008760831402933711,0.0008698428269213743
v8,cnn,12.0,3.0,-0.004120822879599695,-0.00707838491881807,-0.0033155833422040537
v8,cnn,12.0,3.5,0.0016230132821453136,0.005292199729068248,0.0006240235879451106
v8,cnn,12.0,4.0,0.003215660199088255,0.013641417615486873,0.00037709520276596464
v8,cnn,12.0,4.5,0.006019907467216479,0.01684918045800443,0.003071479451912884
v8,cnn,12.0,5.0,0.00670494668571453,0.005922106733613708,0.006918086316439087
v8,cnn,12.0,5.5,0.009315507626489916,0.021307082191063476,0.006050626002038539
v8,cnn,12.0,6.0,0.013202878858806777,0.025945787642998708,0.009733435500260956
v8,cnn,12.0,6.5,0.011652907855592254,0.027511856393929168,0.007335077083067798
v8,cnn,12.0,7.0,0.008559893638031113,0.02681367426553627,0.003590034790338592
v8,cnn,12.0,7.5,0.009302042347169248,0.03486499727654313,0.002342153854947737
v8,cnn,12.0,8.0,0.005732423977867995,0.01731818638208127,0.002578030651530172
v8,cnn,12.0,8.5,0.004167402952766519,0.017312365259941842,0.0005884946401260027
v8,cnn,12.0,9.0,0.011841935900582579,0.015596356989346916,0.010819739828069164
v8,cnn,12.0,9.5,0.0078736841752165,0.025796891776991293,0.00299382867040765
v8,cnn,12.0,10.0,0.00679429605338111,0.004102126054024824,0.007527278724961617
v8,cnn,12.0,10.5,0.010808944868306192,0.014354408222272408,0.009843640596361114
v8,cnn,12.0,11.0,0.009683159979418265,0.0240546963018049,0.0057702989450787445
v8,cnn,12.0,11.5,0.006243858292069193,0.018067214820777888,0.0030247764890876105
v8,cnn,12.0,12.0,-0.0003240655175980045,0.0053888850567724855,-0.0018794998978972632
v8,cnn,12.0,12.5,0.0027001929140488823,0.013818179874409475,-0.0003268417036572657
v8,cnn,12.0,13.0,0.0005742955236718306,0.002169395848393707,0.00014000612228426412
v8,cnn,12.0,13.5,0.015602824986057584,0.024284962262722143,0.01323898608375984
v8,cnn,12.0,14.0,0.017551077351069422,0.030514507536815394,0.014021593814492084
v8,cnn,12.0,14.5,-0.004000252310831787,0.002160552294338869,-0.005677621503588304
v8,5a,12.0,-14.5,-9.986920129989585e-06,-0.001294057346254096,0.0003396200406722283
v8,5a,12.0,-14.0,0.0009284480822580043,0.002585024181230633,0.00047742100187653236
v8,5a,12.0,-13.5,0.0005486507997720658,0.0031967185360195494,-0.00017232438541481265
v8,5a,12.0,-13.0,3.398668490084411e-05,-0.0004595850064674778,0.00016836879934500892
v8,5a,12.0,-12.5,-0.001485176930682508,-0.002667065030256266,-0.0011633906033174934
v8,5a,12.0,-12.0,-0.00014286596948931418,0.0007373751997019617,-0.0003825245066477745
v8,5a,12.0,-11.5,-0.00021309841905692295,0.0005122311384271327,-0.00041058000340998824
v8,5a,12.0,-11.0,0.0005533065864038456,0.005017150651076108,-0.0006620402708985562
v8,5a,12.0,-10.5,0.000117038605098152,0.0005163905751286446,8.309188321176109e-06
v8,5a,12.0,-10.0,-0.00042563212043611465,-0.001873989587396263,-3.129560907555451e-05
v8,5a,12.0,-9.5,-0.0009960725911399848,-0.0010920256656843375,-0.0009699479627016672
v8,5a,12.0,-9.0,1.9350696894848696e-05,0.0037050427219065263,-0.0009841328824340412
v8,5a,12.0,-8.5,0.0008778242001490355,0.003222222729291291,0.00023952739959431923
v8,5a,12.0,-8.0,-0.001256202773650461,-0.002781154335450786,-0.0008410123993178864
v8,5a,12.0,-7.5,-0.0004297090924190172,-0.0012052703099605377,-0.00021855120367364478
v8,5a,12.0,-7.0,0.0006281172622777387,0.005897873089185213,-0.0008066508636233038
v8,5a,12.0,-6.5,-0.0007742891974467092,0.004301816584814544,-0.002156333265390664
v8,5a,12.0,-6.0,-9.13328295226723e-05,0.0014532936602202895,-0.0005118799908518934
v8,5a,12.0,-5.5,0.0004198872314202795,-0.003469374358677779,0.001478795603279126
v8,5a,12.0,-5.0,0.002542080895959309,0.0017651576465527175,0.002753609617808017
v8,5a,12.0,-4.5,0.0005282187027233487,0.00189151824379441,0.00015704045617281892
v8,5a,12.0,-4.0,0.00038976400842272163,0.001708881668397888,3.0614925426997175e-05
v8,5a,12.0,-3.5,0.000984818462384185,3.803729419082913e-05,0.0012425934878210754
v8,5a,12.0,-3.0,-0.0006551512000181337,-0.00267238486732313,-0.00010592981986135008
v8,5a,12.0,-2.5,0.0011724331647438024,0.0016096393777942364,0.0010533973764579319
v8,5a,12.0,-2.0,0.004044438983776377,-0.0014518240809071603,0.005540877019199364
v8,5a,12.0,-1.5,-0.0006587836372244915,-0.006178947052960293,0.0008441616184593492
v8,5a,12.0,-1.0,-0.0002833254195455659,-0.0011810770873386112,-3.8899392945435096e-05
v8,5a,12.0,-0.5,0.0009164578576892346,-0.002322840341874466,0.0017984041868333023
v8,5a,12.0,0.0,0.003696403708879581,0.007792975237111088,0.0025810521732030356
v8,5a,12.0,0.5,-0.0024093810426686346,0.0019633105806773354,-0.0035999103141646227
v8,5a,12.0,1.0,-7.463364989535037e-05,0.005170304269673576,-0.0015026447374117957
v8,5a,12.0,1.5,-0.0008592226618333587,0.004665345522194553,-0.002363367180131082
v8,5a,12.0,2.0,0.0003932011929932422,0.003604053534172591,-0.0004810003350124159
v8,5a,12.0,2.5,0.0022577756270170113,0.0003111865487512855,0.002787762984203468
v8,5a,12.0,3.0,-0.0057422430204634445,0.0007252093242056112,-0.007503101546874502
v8,5a,12.0,3.5,0.00482265248606617,0.0004189045885079068,0.006021637282602299
v8,5a,12.0,4.0,0.0065985434150219735,0.006265993351114663,0.006689085035475051
v8,5a,12.0,4.5,0.002726416335786963,0.00597810134723753,0.0018410975158753562
v8,5a,12.0,5.0,0.002347065748601107,0.0021511534004956534,0.0024004057517748034
v8,5a,12.0,5.5,-0.0028453624714541714,0.00284002161712249,-0.004393291472669869
v8,5a,12.0,6.0,0.0028892964569435797,-0.0019469282029900281,0.0042060293796222226
v8,5a,12.0,6.5,-0.00041933088680412567,-0.0012357284597772633,-0.00019705470281428106
v8,5a,12.0,7.0,0.001110907691931562,-0.0007520424967177863,0.0016181231376963812
v8,5a,12.0,7.5,-0.0008941547331764443,0.003323832903973978,-0.0020425635809502296
v8,5a,12.0,8.0,0.004986084149341874,0.00755495574213616,0.004286671272932585
v8,5a,12.0,8.5,-0.002468033323354435,-0.0012877263604575973,-0.002789389163125433
v8,5a,12.0,9.0,-0.0009761488751665048,0.0004594685129724052,-0.0013670167136676792
v8,5a,12.0,9.5,0.0017708575443653451,0.0022723565684670266,0.0016343170975994248
v8,5a,12.0,10.0,0.001802467301941002,0.0042103585747350625,0.0011468836729611187
v8,5a,12.0,10.5,-0.0003755586278197942,-0.00021761572249623384,-0.00041856089466385527
v8,5a,12.0,11.0,0.0018863394517643073,0.003609758540639385,0.0014171133893987609
v8,5a,12.0,11.5,0.00059442382284014,-0.0022755120903259485,0.0013758058653563499
v8,5a,12.0,12.0,0.002319177487025703,0.004809532641602665,0.0016411418596982141
v8,5a,12.0,12.5,0.0018197370051789008,0.003066121826512891,0.001480390501660267
v8,5a,12.0,13.0,-7.528856651184412e-05,-0.00103348140709425,0.00018559345369717484
v8,5a,12.0,13.5,0.00035973251626209013,0.002961645393147583,-0.00034867633316970625
v8,5a,12.0,14.0,0.00017861746432812353,-0.002026574512091317,0.0007790132441671815
v8,5a,12.0,14.5,0.0009965366227553396,0.003492267838623997,0.000317037284083721
v8,fusion,12.0,-14.5,-0.00023226153796440663,0.0006348640941422623,-0.0004683491782579985
v8,fusion,12.0,-14.0,0.00023631192274486956,0.00034807363017341775,0.00020588316270719886
v8,fusion,12.0,-13.5,0.00010736040895187315,0.0011173557965925562,-0.00016762561261951525
v8,fusion,12.0,-13.0,-5.3722829655988846e-05,0.001873068882854323,-0.0005783200643598718
v8,fusion,12.0,-12.5,0.001043608797250739,0.001430677406698888,0.0009382237051109854
v8,fusion,12.0,-12.0,0.0004333625998718116,0.001428363444370584,0.00016245906205658578
v8,fusion,12.0,-11.5,0.000633902253583063,0.00505295472445888,-0.0005692494369606838
v8,fusion,12.0,-11.0,-0.00023480567439038147,0.00013634977380605484,-0.0003358581755532608
v8,fusion,12.0,-10.5,0.0005702939148815034,0.00038251644609688107,0.0006214190781383966
v8,fusion,12.0,-10.0,0.000330226973941139,-0.0005222766825530023,0.0005623335674391772
v8,fusion,12.0,-9.5,-0.0006843144745181107,-0.001165165452756689,-0.000553395760341413
v8,fusion,12.0,-9.0,-0.001546451581275532,-0.0001413919720097967,-0.001928999617386129
v8,fusion,12.0,-8.5,-0.0003053931599616977,-0.0008712943550490682,-0.00015131827987469038
v8,fusion,12.0,-8.0,0.0007478650346748328,-0.0015461832068196513,0.0013724532327406003
v8,fusion,12.0,-7.5,-0.0004626396873990135,0.002684025494294584,-0.0013193653221095225
v8,fusion,12.0,-7.0,0.0010620076275489332,0.003624528124232085,0.0003643239299788714
v8,fusion,12.0,-6.5,4.523935223099684e-05,-0.00023967769858612709,0.00012281218794973903
v8,fusion,12.0,-6.0,-0.0002587407862506552,0.0016945286703257123,-0.0007905469741735782
v8,fusion,12.0,-5.5,0.0005617377021300829,-0.00011525173726678606,0.0007460579820675051
v8,fusion,12.0,-5.0,0.001553242721676451,-0.0006362590710468075,0.0021493666194405403
v8,fusion,12.0,-4.5,-0.0008197917727086335,-0.0016054030960409582,-0.0006058975956182433
v8,fusion,12.0,-4.0,-0.001005122154463134,-0.00021103695267110645,-0.0012213234689459895
v8,fusion,12.0,-3.5,-0.0004425123116105212,0.0016569818813944037,-0.0010141303234465493
v8,fusion,12.0,-3.0,-0.0008496924429171049,-0.0010567901139597602,-0.0007933070719206015
v8,fusion,12.0,-2.5,-0.00043527398279219476,-0.00413596201862132,0.0005722924798889917
v8,fusion,12.0,-2.0,0.003015085884040536,0.0023904359171229572,0.0031851559768145687
v8,fusion,12.0,-1.5,-0.0015392499388682257,-0.004904283599411641,-0.0006230702908325281
v8,fusion,12.0,-1.0,-0.0018957371349497265,-0.004180996652657809,-0.001273541795522748
v8,fusion,12.0,-0.5,0.0011620562479783825,0.0011789530829009465,0.0011574558374523036
v8,fusion,12.0,0.0,0.00028098252374775257,0.00019919314650906905,0.00030325087836513553
v8,fusion,12.0,0.5,-0.001203472650087134,-8.926231332850865e-05,-0.0015068327163294537
v8,fusion,12.0,1.0,0.0037730702127174442,0.004124837523860503,0.0036772964155360466
v8,fusion,12.0,1.5,-1.8984419249523654e-05,0.0014534600404008113,-0.0004198789667877456
v8,fusion,12.0,2.0,-0.0014894106391416528,0.0007891644639572704,-0.002109786048891227
v8,fusion,12.0,2.5,-0.001172778402553254,-0.0021202708376902857,-0.0009148097242843711
v8,fusion,12.0,3.0,-0.0025335294558199717,-0.0020682799667585128,-0.002660200436302551
v8,fusion,12.0,3.5,0.0034558974880936066,0.0018432280832083592,0.003894970328609526
v8,fusion,12.0,4.0,0.003887358184022194,0.0037560112965857595,0.00392311929586886
v8,fusion,12.0,4.5,0.0013557700402448969,0.0015819869827297106,0.0012941791678635628
v8,fusion,12.0,5.0,0.0006342381148711773,-0.0010767852904919328,0.0011000892710388843
v8,fusion,12.0,5.5,-0.0020429276868811908,-0.0011385669691953426,-0.002289153124012344
v8,fusion,12.0,6.0,0.0035084599095087654,0.0004021347764404659,0.004354202375763894
v8,fusion,12.0,6.5,0.000762434493484232,9.321785790128434e-05,0.0009446385138591751
v8,fusion,12.0,7.0,0.0016810844477210818,0.0022853984268284,0.0015165511251651331
v8,fusion,12.0,7.5,-0.0011918717455923211,-0.0003767164192622907,-0.0014138097097584623
v8,fusion,12.0,8.0,-0.00048160252841467077,-0.0015310456703100384,-0.00019587627858563827
v8,fusion,12.0,8.5,-0.0036645766325478224,-0.004450401329615383,-0.003450624361335919
v8,fusion,12.0,9.0,-0.0009741342682629828,-0.0020171129188247816,-0.0006901680707818159
v8,fusion,12.0,9.5,0.0019093469080515568,0.0008108691125153777,0.0022084235597623625
v8,fusion,12.0,10.0,0.0024227934620970615,-0.0013795866029260306,0.0034580470675869
v8,fusion,12.0,10.5,-0.0016947449168986939,-0.006987453655940334,-0.000253727524844205
v8,fusion,12.0,11.0,0.0009297456652479497,0.002012521439858639,0.0006349441184707594
v8,fusion,12.0,11.5,3.464977416700599e-05,-0.0008885339289522731,0.00028600004448198213
v8,fusion,12.0,12.0,-0.00022614476891757995,-0.00083978529265194,-5.907215812994693e-05
v8,fusion,12.0,12.5,0.0009764379573364845,0.0019320078263771467,0.0007162700795060317
v8,fusion,12.0,13.0,-1.7916659806216373e-05,-0.0003543815164419595,7.369082024477613e-05
v8,fusion,12.0,13.5,0.00042858044906202153,0.0017253782170768561,7.550828321534198e-05
v8,fusion,12.0,14.0,0.00018960536209244871,-0.0007129091177590086,0.0004353281339604109
v8,fusion,12.0,14.5,0.0002571358853775685,-0.0006650369966287872,0.000508210944855092
