setting,dataset_seed,arch,best_val_MAE_logM,n,oracle_MAE,marginal_median_MAE,improvement_over_oracle
alpha_per_mode,0,5a,0.2890386630910622,1000,0.6313343613175905,1.4282342776232029,0.54217815344655
alpha_per_mode,0,cnn,0.2354852278804983,1000,0.6313343613175905,1.4282342776232029,0.6270039422707132
alpha_per_mode,1,5a,0.2894906726413039,1000,0.561831116907436,1.3893922049735663,0.4847372031745285
alpha_per_mode,1,cnn,0.2433919855956297,1000,0.561831116907436,1.3893922049735663,0.566787993275692
alpha_per_mode,2,5a,0.2935182145228037,1000,0.5659768956640228,1.3647684497804526,0.4813954124780332
alpha_per_mode,2,cnn,0.244156684835416,1000,0.5659768956640228,1.3647684497804526,0.5686101558104004
both,0,5a,0.2700088086219571,1000,0.5756598396966741,1.4076925918593106,0.5309577114772679
both,0,cnn,0.2175984916903746,1000,0.5756598396966741,1.4076925918593106,0.6220016115679856
both,1,5a,0.30524870122435,1000,0.6233419257357682,1.3939562570707054,0.5103029515236819
both,1,cnn,0.2442239818774327,1000,0.6233419257357682,1.3939562570707054,0.6082022212942595
both,2,5a,0.2914470028892459,1000,0.6153711995717307,1.3722557880562265,0.5263882952402075
both,2,cnn,0.2241872468874858,1000,0.6153711995717307,1.3722557880562265,0.6356877815479347
xi1_only,0,5a,0.2744065604376476,1000,0.5783522691493231,1.4258301475788755,0.5255373323921386
xi1_only,1,5a,0.3085558150954321,1000,0.627326905484004,1.4127549837428124,0.5081419075157141
xi1_only,2,5a,0.2879021294139431,1000,0.6192103665303879,1.3899982092686718,0.5350495647753108
xi2_only,0,5a,0.1836074871810697,1000,0.0246702910961236,1.2536019544221422,-6.442453210854884
xi2_only,1,5a,0.1899897488794854,1000,0.0258787101597149,1.25511811186031,-6.341546302227995
xi2_only,2,5a,0.1784408054473225,1000,0.0251004477344681,1.2405660236880611,-6.109068624392958
