dataset_version,model,beta,val_MAE_logM,replicate_rho,delta_MAE,delta_rho
v9,cnn,-0.2,0.2529513762421901,0.8936240601503759,0.0488427113956896,-0.008980451127819422
v9,cnn,-0.1,0.21907445864845562,0.9016481203007518,0.014965793801955118,-0.0009563909774434887
v9,cnn,-0.05,0.2084383457124551,0.9022676691729322,0.004329680865954588,-0.0003368421052630799
v9,cnn,0.0,0.2041086648465005,0.9026045112781953,0.0,0.0
v9,cnn,0.05,0.20795442589773677,0.9000180451127819,0.0038457610512362683,-0.002586466165413359
v9,cnn,0.1,0.21909689286517955,0.8961744360902255,0.01498822801867905,-0.006430075187969786
v9,cnn,0.2,0.25374806501036146,0.8861954887218044,0.04963940016386095,-0.016409022556390873
v9,5a,-0.2,0.28947538540129336,0.899157894736842,0.08841761869836362,-0.012294736842105247
v9,5a,-0.1,0.23297112113235272,0.9101714285714283,0.031913354429422974,-0.001281203007518994
v9,5a,-0.05,0.21142826071494739,0.9120962406015037,0.010370494012017645,0.0006436090225564461
v9,5a,0.0,0.20105776670292974,0.9114526315789473,0.0,0.0
v9,5a,0.05,0.20419120056342702,0.9095338345864661,0.0031334338604972756,-0.0019187969924812087
v9,5a,0.1,0.22129474784203074,0.903133834586466,0.020236981139100996,-0.008318796992481281
v9,5a,0.2,0.2733698752202775,0.8867067669172932,0.07231210851734776,-0.02474586466165407
v9,5b,-0.2,0.33655597135445986,0.8073022556390976,0.02762621918075464,-0.008679699248120398
v9,5b,-0.1,0.3199996806907082,0.8129503759398495,0.011069928517003003,-0.003031578947368496
v9,5b,-0.05,0.3160128051548037,0.8173112781954887,0.007083052981098459,0.0013293233082706246
v9,5b,0.0,0.3089297521737052,0.815981954887218,0.0,0.0
v9,5b,0.05,0.3106201276798949,0.8142857142857142,0.0016903755061896675,-0.0016962406015038622
v9,5b,0.1,0.3166502705998263,0.810436090225564,0.007720518426121092,-0.005545864661654076
v9,5b,0.2,0.3259535810235051,0.8009684210526313,0.01702382884979986,-0.015013533834586701
v9,fusion,-0.2,0.21174521830548731,0.9107669172932331,0.041573802171211705,-0.014911278195488653
v9,fusion,-0.1,0.18415008776273384,0.9205714285714285,0.013978671628458228,-0.005106766917293282
v9,fusion,-0.05,0.17483018453658736,0.9241263157894737,0.004658768402311747,-0.0015518796992480821
v9,fusion,0.0,0.1701714161342756,0.9256781954887218,0.0,0.0
v9,fusion,0.05,0.17148156058433148,0.9249864661654135,0.0013101444500558668,-0.0006917293233082988
v9,fusion,0.1,0.17957492890785823,0.9242345864661654,0.009403512773582617,-0.001443609022556358
v9,fusion,0.2,0.20746848869001158,0.9162225563909774,0.03729707255573597,-0.009455639097744384
