MAE_logM,R2_logM,spearman_rho,median_multiplicative_error,model,split,seed
0.6232216804974013,0.6829386945746283,0.849959061959062,1.5618847568930767,mlp_mse,val,42
0.6241245114352787,0.682993793795345,0.8500424980424981,1.5641200256175836,mlp_mse,val,43
0.6219138156693662,0.6830379462226647,0.8498079698079698,1.558002551498969,mlp_mse,val,44
0.621743194196024,0.6827257364741464,0.849906993906994,1.5638018243304805,mlp_mse,val,45
0.6217407555707032,0.6831218331387309,0.8500942420942421,1.554842886764482,mlp_mse,val,46
0.6509906505788676,0.6643533365356443,0.8273112452449809,1.5286792816502635,mlp_mse,stress_base,42
0.6512490215445869,0.6656362737595509,0.8278316633266533,1.534205792164152,mlp_mse,stress_base,43
0.6503578727911227,0.6645125583474194,0.8273019332077329,1.5253099797953533,mlp_mse,stress_base,44
0.6540036078984849,0.6612995260183105,0.8264856419425678,1.530703307357909,mlp_mse,stress_base,45
0.6566639450150542,0.6602628450308689,0.8258312073248292,1.541969548432418,mlp_mse,stress_base,46
4.1379105165104075,-9.554480624167967,0.6546490516561295,69.30831252788964,mlp_mse,holdout_T,42
3.902907389849424,-8.459861017614333,0.6347386082067579,53.31455269480586,mlp_mse,holdout_T,43
4.02586192364494,-9.040501979105471,0.6422569139657107,59.52126965557154,mlp_mse,holdout_T,44
3.370787997879088,-6.225018155610897,0.6318994655496172,31.59593255745602,mlp_mse,holdout_T,45
2.7760692228376866,-4.046043149115513,0.6458725096945521,17.28954335092881,mlp_mse,holdout_T,46
0.6282422500879814,0.55513586295205,0.746370515227947,1.4924206763307521,mlp_mse,holdout_c,42
0.6289307288980732,0.5537526818054924,0.7444562717363526,1.482181994080375,mlp_mse,holdout_c,43
0.6275718943805745,0.5542361579217846,0.7461465127390303,1.4973513732509016,mlp_mse,holdout_c,44
0.6269650673524787,0.5551413255354642,0.7466802964477381,1.50465828499885,mlp_mse,holdout_c,45
0.6256410141320278,0.5549460485975102,0.7478394204380049,1.5011464050265646,mlp_mse,holdout_c,46
0.9763513520980874,0.43732553573739497,0.8307327859198435,2.337524671099075,mlp_mse,holdout_E,42
0.8660350228721897,0.5410338622707458,0.8398848876098624,2.061802351217266,mlp_mse,holdout_E,43
0.8670353870590528,0.5275041804440521,0.8389008766764074,2.0438093765578245,mlp_mse,holdout_E,44
1.1108507294083636,0.2716661419760814,0.7939825998066645,2.5540717296004014,mlp_mse,holdout_E,45
1.3331547206950685,0.024736236273846246,0.7855700618895766,3.1744351888712274,mlp_mse,holdout_E,46
0.6146845545523102,0.6778748848495342,0.8492768492768494,1.5266064863387954,mlp_l1,val,42
0.6143037542175734,0.6778249492342767,0.8490496770496772,1.5176427453331736,mlp_l1,val,43
0.6137657870497787,0.6778579338427633,0.8495681735681736,1.5224950390885137,mlp_l1,val,44
0.6142556271475041,0.6772706442099411,0.8494402534402534,1.53034136725146,mlp_l1,val,45
0.6140074891481782,0.6785027074959245,0.8493903813903815,1.5256392205648475,mlp_l1,val,46
0.6430206533069722,0.6565570632535521,0.8277828951315804,1.5285865222893966,mlp_l1,stress_base,42
0.6408543874393218,0.6584947416887603,0.8282748970995882,1.5274368624958305,mlp_l1,stress_base,43
0.6427090088124386,0.6556681956209844,0.8274725258901034,1.5342629497060558,mlp_l1,stress_base,44
0.643515274010133,0.6570967089665781,0.8275290701162805,1.5315326027855656,mlp_l1,stress_base,45
0.6430549970767461,0.6569547352011308,0.8271805887223549,1.5291241822678099,mlp_l1,stress_base,46
3.834274964382251,-8.192396909752869,0.6239193768819653,49.782863123241754,mlp_l1,holdout_T,42
3.0760952473059295,-5.088248096115287,0.5708356759519551,22.46600638562788,mlp_l1,holdout_T,43
3.9257364805042743,-8.536873061814907,0.6574166379626439,54.97550809223623,mlp_l1,holdout_T,44
4.029601561874151,-9.06028504760993,0.6235878176424182,60.55880441232182,mlp_l1,holdout_T,45
3.808321925792843,-7.998896171157469,0.6744852720585784,47.660415345560196,mlp_l1,holdout_T,46
0.623626632898425,0.5453662089378686,0.7447864976277514,1.491175656284669,mlp_l1,holdout_c,42
0.6234242961586763,0.5453027604233824,0.744154490605451,1.4964603077613898,mlp_l1,holdout_c,43
0.6234942057883988,0.5459744091655259,0.7445820509116766,1.5005254742527736,mlp_l1,holdout_c,44
0.6231735695557048,0.5454728997857923,0.7445491616573517,1.4822338037664777,mlp_l1,holdout_c,45
0.6224598266646111,0.5482847796889695,0.7450469449660551,1.5043015842785412,mlp_l1,holdout_c,46
1.0371305522446832,0.3633818120873662,0.8064574050822786,2.4617349716225685,mlp_l1,holdout_E,42
0.7920398756675422,0.5809762428760789,0.8370933010366782,1.9091755009788838,mlp_l1,holdout_E,43
0.7655653588101268,0.6128177624273076,0.844155601728908,1.8111106716485816,mlp_l1,holdout_E,44
0.8477421830346187,0.5482107500139143,0.8388346537183747,2.0165867003515765,mlp_l1,holdout_E,45
0.7764397111721337,0.6047760447736399,0.8418004644496049,1.8425211008975617,mlp_l1,holdout_E,46
0.6268690125696594,0.6813164064551603,0.8494099774099775,1.5666892822137881,mlp_mse_innerval,val,42
0.6250473521292442,0.6822245274356562,0.84991398991399,1.5648064335203082,mlp_mse_innerval,val,43
0.6261857397012646,0.6818915575164219,0.8496968856968857,1.5620800189067308,mlp_mse_innerval,val,44
0.626170126750716,0.6805944354322471,0.8487052647052648,1.5632096082744056,mlp_mse_innerval,val,45
0.6269995136816288,0.6805306907032904,0.8493260013260013,1.5666334407980205,mlp_mse_innerval,val,46
0.6526678773011081,0.6643143284470248,0.8267866031464125,1.5371097690899937,mlp_mse_innerval,stress_base,42
0.6508956692772917,0.6655674705755852,0.8275857782051717,1.540284648604699,mlp_mse_innerval,stress_base,43
0.6534837850513868,0.6647681454326084,0.8277198228792915,1.537207598264032,mlp_mse_innerval,stress_base,44
0.652097407176625,0.6646363834894664,0.8270796923187692,1.5429244176228711,mlp_mse_innerval,stress_base,45
0.6541182029242627,0.66342201386666,0.8261661526646107,1.533909844977704,mlp_mse_innerval,stress_base,46
3.8148972647761306,-8.023367238687259,0.6559472883032034,48.886328996029604,mlp_mse_innerval,holdout_T,42
3.801854382008314,-7.995907447748888,0.6301718907987865,47.58525573127377,mlp_mse_innerval,holdout_T,43
3.7412753170728683,-7.708618344690096,0.6405182279803109,45.85123496182034,mlp_mse_innerval,holdout_T,44
3.6818880675546826,-7.458920867216268,0.6312034578161979,43.154486751087404,mlp_mse_innerval,holdout_T,45
3.179098438077296,-5.382162479870023,0.6560068445204946,25.900844524053106,mlp_mse_innerval,holdout_T,46
0.6309738809273888,0.5563658660693691,0.7474505272280803,1.4909515708040073,mlp_mse_innerval,holdout_c,42
0.6300921696331352,0.5544657174597828,0.7454029489216546,1.4830374363441223,mlp_mse_innerval,holdout_c,43
0.6326153141042838,0.5525795909622297,0.7466945188279869,1.4715044385389422,mlp_mse_innerval,holdout_c,44
0.6306750945902119,0.5561670875097988,0.7473011922354692,1.4855905388024926,mlp_mse_innerval,holdout_c,45
0.632729934103166,0.5540170649170479,0.745738063756264,1.4683863329042637,mlp_mse_innerval,holdout_c,46
1.1047234912216664,0.3358076858214314,0.8204344492716585,2.710151887409261,mlp_mse_innerval,holdout_E,42
0.9795011285940806,0.4582913803224399,0.8361177346414959,2.313056695062772,mlp_mse_innerval,holdout_E,43
0.9681729315718015,0.4571929809669568,0.8296109956777298,2.3171453822251467,mlp_mse_innerval,holdout_E,44
1.0398431361715,0.4020074442139293,0.8316883520928009,2.513981591729591,mlp_mse_innerval,holdout_E,45
1.1242717926111072,0.3149904629129696,0.8017844642718251,2.838290849575219,mlp_mse_innerval,holdout_E,46
0.6308092871664401,0.6699548283636604,0.8425265984402962,1.5460216942198555,hgb,val,42
0.6301087999160145,0.6690306005039499,0.8434000847758955,1.5612271711943735,hgb,val,43
0.6304009049626424,0.6686206464555235,0.8421280707599917,1.5513044536418323,hgb,val,44
0.6318488606359824,0.6665468500939067,0.8415220631940268,1.5504632941910836,hgb,val,45
0.6337005032581091,0.6666317225941925,0.8414716265204564,1.552355671804666,hgb,val,46
0.6585425820705944,0.6492316179297319,0.8255095892872816,1.514302712597778,hgb,stress_base,42
0.6547538332217181,0.6562555281818909,0.8291932519781275,1.5473411451439552,hgb,stress_base,43
0.6544022813569276,0.6508271092078664,0.827243316680947,1.561608219387818,hgb,stress_base,44
0.6539476685242386,0.6568566314805737,0.8299649557789822,1.5418946415703858,hgb,stress_base,45
0.6496747321355292,0.6547003189236247,0.8286972987891951,1.5182033191873883,hgb,stress_base,46
0.9166459752424172,0.23825229707213036,0.5916526469567378,2.2965797296095407,hgb,holdout_T,42
0.8955950574201673,0.27681083866378065,0.6239204014851544,2.229764960207973,hgb,holdout_T,43
0.9362044784038418,0.2241587424833157,0.6266074553876941,2.314666457613664,hgb,holdout_T,44
0.9174697801170788,0.2470817440123374,0.60437002645499,2.2727637566524233,hgb,holdout_T,45
0.9705885255490675,0.16859139197706796,0.6046767031636816,2.405424025902556,hgb,holdout_T,46
0.6364192611541719,0.538448139749081,0.7300974558895338,1.4998314833919657,hgb,holdout_c,42
0.6362067690207044,0.5331542220519108,0.7281990551974022,1.5207010720690115,hgb,holdout_c,43
0.6379703790570478,0.5395277546566549,0.7311939929869585,1.5306921244160665,hgb,holdout_c,44
0.6336032970907237,0.541141694656739,0.7368143036848904,1.4923240912922733,hgb,holdout_c,45
0.6348347091464924,0.5308941404033403,0.7370186808178548,1.553112065798024,hgb,holdout_c,46
0.6917370568228597,0.6457973301459827,0.8357202707109375,1.697504798305154,hgb,holdout_E,42
0.6779071523827952,0.6566162846344221,0.8421169124366078,1.5900182829506397,hgb,holdout_E,43
0.6890997170352854,0.6476182213947248,0.8369610978796044,1.6722396204174053,hgb,holdout_E,44
0.6895115167230051,0.643611952776953,0.8361649630534103,1.631644459944409,hgb,holdout_E,45
0.6970320567189231,0.643148262237467,0.8357079919870846,1.6502490556300224,hgb,holdout_E,46
0.6358193725037854,0.6699120150251301,0.8434752120056377,1.5704626535619723,knn,val,42
0.6358193725037854,0.6699120150251301,0.8434752120056377,1.5704626535619723,knn,val,43
0.6358193725037854,0.6699120150251301,0.8434752120056377,1.5704626535619723,knn,val,44
0.6358193725037854,0.6699120150251301,0.8434752120056377,1.5704626535619723,knn,val,45
0.6358193725037854,0.6699120150251301,0.8434752120056377,1.5704626535619723,knn,val,46
0.6774562110451515,0.6366388595703701,0.81175361501446,1.5895391928898304,knn,stress_base,42
0.6774562110451515,0.6366388595703701,0.81175361501446,1.5895391928898304,knn,stress_base,43
0.6774562110451515,0.6366388595703701,0.81175361501446,1.5895391928898304,knn,stress_base,44
0.6774562110451515,0.6366388595703701,0.81175361501446,1.5895391928898304,knn,stress_base,45
0.6774562110451515,0.6366388595703701,0.81175361501446,1.5895391928898304,knn,stress_base,46
0.9555126500626405,0.19721441046716148,0.6371806864816876,2.441266812055579,knn,holdout_T,42
0.9555126500626405,0.19721441046716148,0.6371806864816876,2.441266812055579,knn,holdout_T,43
0.9555126500626405,0.19721441046716148,0.6371806864816876,2.441266812055579,knn,holdout_T,44
0.9555126500626405,0.19721441046716148,0.6371806864816876,2.441266812055579,knn,holdout_T,45
0.9555126500626405,0.19721441046716148,0.6371806864816876,2.441266812055579,knn,holdout_T,46
0.6563120714544008,0.5369027204974544,0.7202371937729568,1.5735452150839342,knn,holdout_c,42
0.6563120714544008,0.5369027204974544,0.7202371937729568,1.5735452150839342,knn,holdout_c,43
0.6563120714544008,0.5369027204974544,0.7202371937729568,1.5735452150839342,knn,holdout_c,44
0.6563120714544008,0.5369027204974544,0.7202371937729568,1.5735452150839342,knn,holdout_c,45
0.6563120714544008,0.5369027204974544,0.7202371937729568,1.5735452150839342,knn,holdout_c,46
0.7783884816531402,0.599215825697525,0.82086252860816,1.8760443955392319,knn,holdout_E,42
0.7783884816531402,0.599215825697525,0.82086252860816,1.8760443955392319,knn,holdout_E,43
0.7783884816531402,0.599215825697525,0.82086252860816,1.8760443955392319,knn,holdout_E,44
0.7783884816531402,0.599215825697525,0.82086252860816,1.8760443955392319,knn,holdout_E,45
0.7783884816531402,0.599215825697525,0.82086252860816,1.8760443955392319,knn,holdout_E,46
