model,severity,dataset_seed,seed,n,MAE_logM
cnn_kernel45,0.5,0,42,600,0.08256108447251755
cnn_kernel45,0.5,0,43,600,0.08759286570739348
cnn_kernel45,0.5,0,44,600,0.08325414659253957
cnn_kernel45,0.5,1,42,600,0.09419943046727822
cnn_kernel45,0.5,1,43,600,0.08222852248403272
cnn_kernel45,0.5,1,44,600,0.084068940320762
cnn_kernel45,0.5,2,42,600,0.06114689135726586
cnn_kernel45,0.5,2,43,600,0.06396640964987958
cnn_kernel45,0.5,2,44,600,0.06105497398847452
tf_patch60,0.5,0,42,600,0.11585493343174681
tf_patch60,0.5,0,43,600,0.11472330334058638
tf_patch60,0.5,0,44,600,0.11855907981918667
tf_patch60,0.5,1,42,600,0.11542808612295204
tf_patch60,0.5,1,43,600,0.11985696189732711
tf_patch60,0.5,1,44,600,0.12042596741417633
tf_patch60,0.5,2,42,600,0.09893037979123409
tf_patch60,0.5,2,43,600,0.09685938639227726
tf_patch60,0.5,2,44,600,0.09555480585042044
fusion,0.5,0,42,600,0.12379156695036259
fusion,0.5,0,43,600,0.11878638863074813
fusion,0.5,0,44,600,0.11372000491732157
fusion,0.5,1,42,600,0.11978933167277939
fusion,0.5,1,43,600,0.12411295807417545
fusion,0.5,1,44,600,0.11446764969068435
fusion,0.5,2,42,600,0.09619884926817322
fusion,0.5,2,43,600,0.09639128644028086
fusion,0.5,2,44,600,0.09215837038107812
cnn,0.5,0,42,600,0.1477161058246545
cnn,0.5,0,43,600,0.13502973992883233
cnn,0.5,0,44,600,0.14096663758479555
cnn,0.5,1,42,600,0.13817526602680838
cnn,0.5,1,43,600,0.14016029399337002
cnn,0.5,1,44,600,0.13864608926299204
cnn,0.5,2,42,600,0.11426710481786041
cnn,0.5,2,43,600,0.1079001599506387
cnn,0.5,2,44,600,0.11993780688524135
5a,0.5,0,42,600,0.1423792115739953
5a,0.5,0,43,600,0.14160493415911654
5a,0.5,0,44,600,0.13688437527685457
5a,0.5,1,42,600,0.13739776228220654
5a,0.5,1,43,600,0.14553049088016815
5a,0.5,1,44,600,0.13449963644176427
5a,0.5,2,42,600,0.11984508684503647
5a,0.5,2,43,600,0.1149745741873969
5a,0.5,2,44,600,0.11800480673916904
5b,0.5,0,42,600,0.2552456301573742
5b,0.5,0,43,600,0.22469334660137405
5b,0.5,0,44,600,0.260236968088
5b,0.5,1,42,600,0.26248104364188224
5b,0.5,1,43,600,0.21108124832039515
5b,0.5,1,44,600,0.2504282891082445
5b,0.5,2,42,600,0.24262940104874972
5b,0.5,2,43,600,0.19418911249788773
5b,0.5,2,44,600,0.21540700607210828
cnn_kernel45,1.0,0,42,600,0.11798605610321829
cnn_kernel45,1.0,0,43,600,0.11981980739601046
cnn_kernel45,1.0,0,44,600,0.11932472355850585
cnn_kernel45,1.0,1,42,600,0.12935756308557095
cnn_kernel45,1.0,1,43,600,0.11994743421284518
cnn_kernel45,1.0,1,44,600,0.124898942026127
cnn_kernel45,1.0,2,42,600,0.09542625618895408
cnn_kernel45,1.0,2,43,600,0.09345718678141819
cnn_kernel45,1.0,2,44,600,0.09437038566656406
tf_patch60,1.0,0,42,600,0.16253385658062364
tf_patch60,1.0,0,43,600,0.15856113815551434
tf_patch60,1.0,0,44,600,0.16474513154003836
tf_patch60,1.0,1,42,600,0.16339290758542055
tf_patch60,1.0,1,43,600,0.1609254614457417
tf_patch60,1.0,1,44,600,0.16439114176934042
tf_patch60,1.0,2,42,600,0.13399371155748596
tf_patch60,1.0,2,43,600,0.13456109461111662
tf_patch60,1.0,2,44,600,0.13307025576741202
fusion,1.0,0,42,600,0.18374079575167335
fusion,1.0,0,43,600,0.17675881418945688
fusion,1.0,0,44,600,0.17064716182910217
fusion,1.0,1,42,600,0.16539400500941684
fusion,1.0,1,43,600,0.1769114915465732
fusion,1.0,1,44,600,0.16526613557850076
fusion,1.0,2,42,600,0.14105174293638764
fusion,1.0,2,43,600,0.14378731288307958
fusion,1.0,2,44,600,0.14621471162998576
cnn,1.0,0,42,600,0.20517327363504176
cnn,1.0,0,43,600,0.19548789862442262
cnn,1.0,0,44,600,0.20646649264644368
cnn,1.0,1,42,600,0.19216677436208898
cnn,1.0,1,43,600,0.1945645261853207
cnn,1.0,1,44,600,0.200091116788522
cnn,1.0,2,42,600,0.15991402285397827
cnn,1.0,2,43,600,0.1550823702076479
cnn,1.0,2,44,600,0.17315310504073206
5a,1.0,0,42,600,0.20349210339237458
5a,1.0,0,43,600,0.22154011454538125
5a,1.0,0,44,600,0.20502010024438722
5a,1.0,1,42,600,0.18763367639044587
5a,1.0,1,43,600,0.2100601632903186
5a,1.0,1,44,600,0.18979230599396024
5a,1.0,2,42,600,0.1703626879809831
5a,1.0,2,43,600,0.17320331759575203
5a,1.0,2,44,600,0.16161971509711076
5b,1.0,0,42,600,0.34860914102374513
5b,1.0,0,43,600,0.3194415465543186
5b,1.0,0,44,600,0.35533869911129945
5b,1.0,1,42,600,0.3553039936786583
5b,1.0,1,43,600,0.3153265673842819
5b,1.0,1,44,600,0.3334237052540263
5b,1.0,2,42,600,0.3268593939193925
5b,1.0,2,43,600,0.27794071077939503
5b,1.0,2,44,600,0.32117936822114185
cnn_kernel45,2.0,0,42,600,0.21571252483688877
cnn_kernel45,2.0,0,43,600,0.22062377927645546
cnn_kernel45,2.0,0,44,600,0.2104740318259785
cnn_kernel45,2.0,1,42,600,0.2069710303626564
cnn_kernel45,2.0,1,43,600,0.2040913824905782
cnn_kernel45,2.0,1,44,600,0.19885702736837638
cnn_kernel45,2.0,2,42,600,0.1654502750764358
cnn_kernel45,2.0,2,43,600,0.16999938012306914
cnn_kernel45,2.0,2,44,600,0.16405445910017774
tf_patch60,2.0,0,42,600,0.2780367158730984
tf_patch60,2.0,0,43,600,0.2814654062717138
tf_patch60,2.0,0,44,600,0.2804708956104553
tf_patch60,2.0,1,42,600,0.268880276390909
tf_patch60,2.0,1,43,600,0.2775597563013457
tf_patch60,2.0,1,44,600,0.28497193012879674
tf_patch60,2.0,2,42,600,0.2228791416590235
tf_patch60,2.0,2,43,600,0.22620680729582082
tf_patch60,2.0,2,44,600,0.226254249168202
fusion,2.0,0,42,600,0.2817342376271631
fusion,2.0,0,43,600,0.2836229267251913
fusion,2.0,0,44,600,0.28289031321761304
fusion,2.0,1,42,600,0.27938833329102036
fusion,2.0,1,43,600,0.2891291824760027
fusion,2.0,1,44,600,0.27835534077952356
fusion,2.0,2,42,600,0.23927408443595566
fusion,2.0,2,43,600,0.23709455342405733
fusion,2.0,2,44,600,0.2402228208113087
cnn,2.0,0,42,600,0.3526260648221445
cnn,2.0,0,43,600,0.34201935237075615
cnn,2.0,0,44,600,0.3482366919612926
cnn,2.0,1,42,600,0.3339587673432779
cnn,2.0,1,43,600,0.34236063452694165
cnn,2.0,1,44,600,0.3391453937265311
cnn,2.0,2,42,600,0.2821702004833512
cnn,2.0,2,43,600,0.28533414242043725
cnn,2.0,2,44,600,0.30883734519254946
5a,2.0,0,42,600,0.32053157419084227
5a,2.0,0,43,600,0.33297206445993927
5a,2.0,0,44,600,0.3148716163029492
5a,2.0,1,42,600,0.3239499741772074
5a,2.0,1,43,600,0.347735077997709
5a,2.0,1,44,600,0.32229468667891864
5a,2.0,2,42,600,0.2668147762380202
5a,2.0,2,43,600,0.293455585199702
5a,2.0,2,44,600,0.27599786995653375
5b,2.0,0,42,600,0.5166378339324023
5b,2.0,0,43,600,0.46654339607764095
5b,2.0,0,44,600,0.516973572115262
5b,2.0,1,42,600,0.5203549033805746
5b,2.0,1,43,600,0.474283823836458
5b,2.0,1,44,600,0.530226814468005
5b,2.0,2,42,600,0.501783858883686
5b,2.0,2,43,600,0.45996575376233995
5b,2.0,2,44,600,0.4898515006731182
cnn_kernel45,4.0,0,42,600,0.4247692181418802
cnn_kernel45,4.0,0,43,600,0.4329708935647952
cnn_kernel45,4.0,0,44,600,0.4361757037099813
cnn_kernel45,4.0,1,42,600,0.4594304738214142
cnn_kernel45,4.0,1,43,600,0.4686340513942353
cnn_kernel45,4.0,1,44,600,0.4452709762576807
cnn_kernel45,4.0,2,42,600,0.39534937462487685
cnn_kernel45,4.0,2,43,600,0.3985203075381736
cnn_kernel45,4.0,2,44,600,0.39540714407748834
tf_patch60,4.0,0,42,600,0.5403939107942142
tf_patch60,4.0,0,43,600,0.5311184039238177
tf_patch60,4.0,0,44,600,0.5376648963585793
tf_patch60,4.0,1,42,600,0.5431568642686526
tf_patch60,4.0,1,43,600,0.5458828231023972
tf_patch60,4.0,1,44,600,0.5666297540211531
tf_patch60,4.0,2,42,600,0.4921398896838201
tf_patch60,4.0,2,43,600,0.4914980438890084
tf_patch60,4.0,2,44,600,0.4727032147327094
fusion,4.0,0,42,600,0.4952207475551637
fusion,4.0,0,43,600,0.507696422454881
fusion,4.0,0,44,600,0.4872212625588705
fusion,4.0,1,42,600,0.5059906300783714
fusion,4.0,1,43,600,0.530460607793573
fusion,4.0,1,44,600,0.5047206911191637
fusion,4.0,2,42,600,0.45490469286584057
fusion,4.0,2,43,600,0.4723874917745168
fusion,4.0,2,44,600,0.4690705576875036
cnn,4.0,0,42,600,0.6107347484448948
cnn,4.0,0,43,600,0.5947353495231483
cnn,4.0,0,44,600,0.6027423463071403
cnn,4.0,1,42,600,0.6073806763538586
cnn,4.0,1,43,600,0.6034876520685117
cnn,4.0,1,44,600,0.6082788477060181
cnn,4.0,2,42,600,0.5632315416861089
cnn,4.0,2,43,600,0.5781377671948795
cnn,4.0,2,44,600,0.5762192477578476
5a,4.0,0,42,600,0.604420860838428
5a,4.0,0,43,600,0.6509263756057747
5a,4.0,0,44,600,0.598590987950989
5a,4.0,1,42,600,0.6042147055195431
5a,4.0,1,43,600,0.6370854365547277
5a,4.0,1,44,600,0.6131212160747019
5a,4.0,2,42,600,0.5614121667231473
5a,4.0,2,43,600,0.5655869187081127
5a,4.0,2,44,600,0.5409489315360176
5b,4.0,0,42,600,0.8031619006928387
5b,4.0,0,43,600,0.7673780942418481
5b,4.0,0,44,600,0.8166149729287747
5b,4.0,1,42,600,0.8011170279642453
5b,4.0,1,43,600,0.7721030144395201
5b,4.0,1,44,600,0.8051842723250765
5b,4.0,2,42,600,0.7970485785528638
5b,4.0,2,43,600,0.7314031366302187
5b,4.0,2,44,600,0.8072449003121182
