dataset_version,factor,level,model,MAE_ensemble,vs_metadata_diff,lo,hi,beats_metadata
v10,resolution,0.715,cnn,0.07736346775018467,-0.5650361011807008,-0.6240208672132035,-0.5044769870225041,True
v10,resolution,0.715,fusion,0.05773284472493761,-0.584666724205948,-0.6486997896762755,-0.5272049645423917,True
v10,resolution,0.715,5a,0.08469675622848447,-0.5577028127024012,-0.6199490860290217,-0.4985636757701406,True
v10,resolution,0.715,5b,0.146830761220436,-0.49556880771044964,-0.5604676074854248,-0.4386920828453783,True
v10,resolution,0.715,cnn_kernel45,0.05569060544996519,-0.5867089634809204,-0.6502848817617459,-0.5290447124806776,True
v10,resolution,0.715,tf_patch60,0.0726986007326868,-0.5697009681981988,-0.6278647716864046,-0.5120196181524493,True
v10,resolution,1.012,cnn,0.07446790884051942,-0.5679316600903661,-0.6342677461677056,-0.5099178249502019,True
v10,resolution,1.012,fusion,0.06050454680828403,-0.5818950221226015,-0.6431201258108258,-0.518675874738839,True
v10,resolution,1.012,5a,0.08313315420967979,-0.5592664147212059,-0.6165470339069125,-0.501667259553277,True
v10,resolution,1.012,5b,0.1505580766454717,-0.4918414922854139,-0.5534745153304501,-0.43517818523944996,True
v10,resolution,1.012,cnn_kernel45,0.0582220944044664,-0.5841774745264192,-0.6478989600844528,-0.5254621409486733,True
v10,resolution,1.012,tf_patch60,0.07569151845125545,-0.56670805047963,-0.6328644345235301,-0.5072281544695016,True
v10,resolution,1.431,cnn,0.08372320848878133,-0.5586763604421043,-0.61804475193722,-0.4981212345149668,True
v10,resolution,1.431,fusion,0.07178676563853116,-0.5706128032923543,-0.6320948246181327,-0.5146268369461215,True
v10,resolution,1.431,5a,0.09678482109626624,-0.5456147478346193,-0.6097251146491233,-0.4844206958023817,True
v10,resolution,1.431,5b,0.14598715831004835,-0.49641241062083713,-0.5590515732528054,-0.43541421870861097,True
v10,resolution,1.431,cnn_kernel45,0.06377625596573465,-0.5786233129651509,-0.6454274940942398,-0.5164261502848074,True
v10,resolution,1.431,tf_patch60,0.08309301895665384,-0.5593065499742318,-0.6206774350391264,-0.5009031694153534,True
v10,resolution,2.023,cnn,0.11376189709483661,-0.5286376718360489,-0.5907091160509517,-0.4716531971343908,True
v10,resolution,2.023,fusion,0.11018194285143437,-0.5322176260794512,-0.5969887856593581,-0.47057767075588414,True
v10,resolution,2.023,5a,0.13493162500310485,-0.5074679439277807,-0.5676306698493557,-0.4495250820947843,True
v10,resolution,2.023,5b,0.1729034300422705,-0.4694961388886151,-0.5322474631600338,-0.41325744208006737,True
v10,resolution,2.023,cnn_kernel45,0.08769384303544682,-0.5547057258954388,-0.613456465199535,-0.49577338477871413,True
v10,resolution,2.023,tf_patch60,0.1076624631435567,-0.5347371057873289,-0.595410438530143,-0.4814705661421707,True
v10,resolution,2.861,cnn,0.162043575442538,-0.48035599348834757,-0.5421319692368144,-0.42527643512729785,True
v10,resolution,2.861,fusion,0.16012369476269056,-0.482275874168195,-0.5421969196711635,-0.4281321772580464,True
v10,resolution,2.861,5a,0.18357216085391986,-0.4588274080769657,-0.5207615303470795,-0.4034588100778735,True
v10,resolution,2.861,5b,0.24802663566567482,-0.3943729332652108,-0.4535465213861793,-0.33609849862483726,True
v10,resolution,2.861,cnn_kernel45,0.10760221872123617,-0.5347973502096494,-0.6012988097972854,-0.47032737784357304,True
v10,resolution,2.861,tf_patch60,0.14059969542906053,-0.501799873501825,-0.5644517634837654,-0.4444716922461024,True
v10,counts,37147.0,cnn,0.2652983974667249,-0.37710117146416067,-0.45017704273091874,-0.3077397506859836,True
v10,counts,37147.0,fusion,0.11439079111032743,-0.5280087778205582,-0.5931722155633772,-0.4717721824761091,True
v10,counts,37147.0,5a,0.17184884283343901,-0.4705507260974465,-0.5344123342407712,-0.4103993496994465,True
v10,counts,37147.0,5b,0.2602701531884804,-0.3821294157424051,-0.44177588302290094,-0.32078226045316166,True
v10,counts,37147.0,cnn_kernel45,0.0849543958371193,-0.5574451730937663,-0.6190591037946828,-0.49985726963883476,True
v10,counts,37147.0,tf_patch60,0.1597305454269729,-0.48266902350391266,-0.5470625442563933,-0.42186282381213464,True
v10,counts,18574.0,cnn,0.2669266104871023,-0.3754729584437832,-0.44779602147883857,-0.30430828793382886,True
v10,counts,18574.0,fusion,0.11450172299386455,-0.5278978459370209,-0.5839842723394849,-0.46771652338614167,True
v10,counts,18574.0,5a,0.1720365588550405,-0.4703630100758451,-0.5334285927010678,-0.41161056983857974,True
v10,counts,18574.0,5b,0.2646891640701573,-0.37771040486072827,-0.43890217853850555,-0.31779827779438435,True
v10,counts,18574.0,cnn_kernel45,0.08507242840709424,-0.5573271405237913,-0.6154189816429064,-0.49785844114381533,True
v10,counts,18574.0,tf_patch60,0.15988580446956552,-0.48251376446132005,-0.5490045561836192,-0.4209531297309827,True
v10,counts,9287.0,cnn,0.2632110530014202,-0.37918851592946534,-0.4439448004478006,-0.30798581150791976,True
v10,counts,9287.0,fusion,0.1152721709392363,-0.5271273979916492,-0.592723037769321,-0.4723179019681937,True
v10,counts,9287.0,5a,0.17300613700191875,-0.4693934319289668,-0.532081069372116,-0.4135823347575473,True
v10,counts,9287.0,5b,0.2639144913418072,-0.37848507758907834,-0.45027533408236414,-0.3145651305416154,True
v10,counts,9287.0,cnn_kernel45,0.0866462271822412,-0.5557533417486443,-0.6150218419139477,-0.49699976643777316,True
v10,counts,9287.0,tf_patch60,0.16037079266456616,-0.48202877626631935,-0.5508317089671176,-0.42368997360592775,True
v10,counts,4643.0,cnn,0.2524896698492701,-0.38990989908161544,-0.45797223759602107,-0.3198752391080819,True
v10,counts,4643.0,fusion,0.11575617083656263,-0.5266433980943229,-0.5909494699540998,-0.4696927357515956,True
v10,counts,4643.0,5a,0.17316955196673112,-0.46923001696415445,-0.5300586525324376,-0.4089916044388458,True
v10,counts,4643.0,5b,0.27550080603685856,-0.36689876289402706,-0.42467842660092514,-0.3105961271502625,True
v10,counts,4643.0,cnn_kernel45,0.08803853420957038,-0.5543610347213151,-0.6156142985717267,-0.4990891489009844,True
v10,counts,4643.0,tf_patch60,0.15956277536821442,-0.4828367935626712,-0.5498450581802672,-0.4213907870985626,True
v10,counts,2322.0,cnn,0.2539648860462028,-0.38843468288468275,-0.45780820359481883,-0.31957478459727295,True
v10,counts,2322.0,fusion,0.11626325510287873,-0.5261363138280067,-0.5928330522004793,-0.4664047555973151,True
v10,counts,2322.0,5a,0.17327529202486683,-0.4691242769060187,-0.5334713923365518,-0.41239978198395627,True
v10,counts,2322.0,5b,0.2934790193444989,-0.34892054958638663,-0.421869907457238,-0.2876868667873729,True
v10,counts,2322.0,cnn_kernel45,0.09233045084127513,-0.5500691180896105,-0.6114051362464454,-0.4914558219172988,True
v10,counts,2322.0,tf_patch60,0.161137463631475,-0.48126210529941055,-0.5471702015925779,-0.41501452261232663,True
v10,background,0.037,cnn,0.2734417587927344,-0.3689578101381512,-0.43670276776604094,-0.2989787782863086,True
v10,background,0.037,fusion,0.11456264644687378,-0.5278369224840117,-0.5888196474753532,-0.4701718373583177,True
v10,background,0.037,5a,0.17250944571201624,-0.46989012321886936,-0.5305519876373788,-0.4116373593084475,True
v10,background,0.037,5b,0.25928313049727925,-0.38311643843360627,-0.44632540757862627,-0.3227964466046709,True
v10,background,0.037,cnn_kernel45,0.0843093747507609,-0.5580901941801246,-0.6236178791206245,-0.5006365836934932,True
v10,background,0.037,tf_patch60,0.15881877076725026,-0.4835807981636353,-0.5527085257357438,-0.4227686811697561,True
v10,background,0.074,cnn,0.27344178248201056,-0.368957786448875,-0.43929419303088585,-0.29492026972371643,True
v10,background,0.074,fusion,0.11456264503871404,-0.5278369238921715,-0.5877581187599338,-0.47191919505715885,True
v10,background,0.074,5a,0.17250945609626298,-0.4698901128346226,-0.5340535454854901,-0.4104176151710195,True
v10,background,0.074,5b,0.259283139621136,-0.3831164293097495,-0.44909940520348074,-0.32046671919617764,True
v10,background,0.074,cnn_kernel45,0.0843093763940796,-0.5580901925368059,-0.6189749525598699,-0.5016957860810324,True
v10,background,0.074,tf_patch60,0.15881877273816167,-0.48358079619272387,-0.5442553922919523,-0.41475098349223377,True
v10,background,0.147,cnn,0.27344176853374763,-0.36895780039713794,-0.4438065982445138,-0.29700512350537894,True
v10,background,0.147,fusion,0.11456264925946795,-0.5278369196714177,-0.5884469720264333,-0.47024621182841086,True
v10,background,0.147,5a,0.17250945064057532,-0.4698901182903103,-0.5326214178996597,-0.41301798397572737,True
v10,background,0.147,5b,0.25928316443405297,-0.3831164044968325,-0.4456109208300494,-0.3209174668122564,True
v10,background,0.147,cnn_kernel45,0.08430937726533186,-0.5580901916655536,-0.6143666026678338,-0.4982509174784744,True
v10,background,0.147,tf_patch60,0.15881876313855423,-0.4835808057923313,-0.548236609560319,-0.42385940017933543,True
v10,background,0.294,cnn,0.2734417847285158,-0.36895778420236974,-0.44006013468712546,-0.29601468761107463,True
v10,background,0.294,fusion,0.1145626518423359,-0.5278369170885496,-0.5850974980338471,-0.4724736053865673,True
v10,background,0.294,5a,0.1725094627679474,-0.4698901061629381,-0.5303182874892449,-0.4117291087843005,True
v10,background,0.294,5b,0.259283098284694,-0.3831164706461915,-0.4500412177413468,-0.3209631218413401,True
v10,background,0.294,cnn_kernel45,0.08430937437543791,-0.5580901945554476,-0.6164430692712659,-0.5015550622536303,True
v10,background,0.294,tf_patch60,0.15881877819128817,-0.48358079073959737,-0.5411850313452923,-0.4215858461034619,True
v10,background,0.589,cnn,0.2734418027114235,-0.3689577662194621,-0.4368655399056882,-0.29978310684964316,True
v10,background,0.589,fusion,0.11456267670926952,-0.527836892221616,-0.5879199956721387,-0.4701022618142408,True
v10,background,0.589,5a,0.17250948686033113,-0.4698900820705544,-0.5317804832358726,-0.4086485634150003,True
v10,background,0.589,5b,0.25928311100097245,-0.38311645792991306,-0.4481194545337312,-0.32076884853891435,True
v10,background,0.589,cnn_kernel45,0.08430938184091967,-0.5580901870899658,-0.6198796721733217,-0.4990657470926802,True
v10,background,0.589,tf_patch60,0.1588187411511924,-0.48358082777969313,-0.5458733716553967,-0.4237160541062665,True
