dataset_version,factor,level,model,MAE_ensemble,vs_metadata_diff,lo,hi,beats_metadata,bg_type,bg_slope_per_meV,bg_intercept_frac,bg_a0,bg_a1,bg_a2,bg_A_frac,bg_tau_meV
v10,background_shaped,0.037,cnn,0.2743041748097873,-0.36809539412109826,-0.43432246646804384,-0.3003181248996069,True,linear,-0.0074669125319860585,0.037,,,,,
v10,background_shaped,0.037,fusion,0.13454277188528466,-0.5078567970456008,-0.5684957929709242,-0.4518267289592098,True,linear,-0.0074669125319860585,0.037,,,,,
v10,background_shaped,0.037,5a,0.19406372372358513,-0.4483358452073004,-0.5144271005401505,-0.3903307775222866,True,linear,-0.0074669125319860585,0.037,,,,,
v10,background_shaped,0.037,5b,0.3361257032640924,-0.30627386566679315,-0.36968365578918777,-0.2397169399981132,True,linear,-0.0074669125319860585,0.037,,,,,
v10,background_shaped,0.037,cnn_kernel45,0.09649260517906427,-0.5459069637518214,-0.6029828123337242,-0.4864852690494478,True,linear,-0.0074669125319860585,0.037,,,,,
v10,background_shaped,0.037,tf_patch60,0.1830925849344636,-0.45930698399642195,-0.5199708972603304,-0.3997734193675222,True,linear,-0.0074669125319860585,0.037,,,,,
v10,background_shaped,0.074,cnn,0.2897880248610382,-0.35261154406984735,-0.42716392605276093,-0.2854475926604218,True,poly2,,,0.074,0.0006164438050070623,0.0002026552447368052,,
v10,background_shaped,0.074,fusion,0.13334003019669008,-0.5090595387341955,-0.5748550930684843,-0.4514291481121882,True,poly2,,,0.074,0.0006164438050070623,0.0002026552447368052,,
v10,background_shaped,0.074,5a,0.18174853331234325,-0.4606510356185423,-0.5230881685747624,-0.4019587279483339,True,poly2,,,0.074,0.0006164438050070623,0.0002026552447368052,,
v10,background_shaped,0.074,5b,0.3087069670664346,-0.33369260186445093,-0.4011995945769884,-0.2699622160148567,True,poly2,,,0.074,0.0006164438050070623,0.0002026552447368052,,
v10,background_shaped,0.074,cnn_kernel45,0.08525679255747443,-0.5571427763734111,-0.6196969740285533,-0.5012117939979598,True,poly2,,,0.074,0.0006164438050070623,0.0002026552447368052,,
v10,background_shaped,0.074,tf_patch60,0.16750348701771162,-0.47489608191317395,-0.5441961808581256,-0.41499320727389866,True,poly2,,,0.074,0.0006164438050070623,0.0002026552447368052,,
v10,background_shaped,0.147,cnn,0.22495864724043002,-0.41744092169045555,-0.4812978288461754,-0.35041109503361784,True,linear,0.00510263340389604,0.147,,,,,
v10,background_shaped,0.147,fusion,0.15576447124933504,-0.4866350976815505,-0.5515129788258344,-0.42915406347620366,True,linear,0.00510263340389604,0.147,,,,,
v10,background_shaped,0.147,5a,0.2076135279009996,-0.434786041029886,-0.49776093332330296,-0.3735772005396504,True,linear,0.00510263340389604,0.147,,,,,
v10,background_shaped,0.147,5b,0.287730117613012,-0.35466945131787353,-0.4186840314503784,-0.2916092212554641,True,linear,0.00510263340389604,0.147,,,,,
v10,background_shaped,0.147,cnn_kernel45,0.10096098864424206,-0.5414385802866434,-0.6023009007853337,-0.481751935205682,True,linear,0.00510263340389604,0.147,,,,,
v10,background_shaped,0.147,tf_patch60,0.16569178759233677,-0.4767077813385488,-0.5411985413672732,-0.41925470530193915,True,linear,0.00510263340389604,0.147,,,,,
v10,background_shaped,0.294,cnn,0.2773780787187858,-0.36502149021209984,-0.4335937639265646,-0.2987977571901147,True,exp,,,,,,0.294,12.079157010115654
v10,background_shaped,0.294,fusion,0.19588749078132633,-0.44651207814955923,-0.5102480368818753,-0.3863911904293802,True,exp,,,,,,0.294,12.079157010115654
v10,background_shaped,0.294,5a,0.21392798529734308,-0.4284715836335425,-0.49045917757735025,-0.3679610379764171,True,exp,,,,,,0.294,12.079157010115654
v10,background_shaped,0.294,5b,0.37651052473008556,-0.26588904420079995,-0.331433585661595,-0.20259746072258916,True,exp,,,,,,0.294,12.079157010115654
v10,background_shaped,0.294,cnn_kernel45,0.16050830695578694,-0.4818912619750986,-0.5372987294283561,-0.4269020867530692,True,exp,,,,,,0.294,12.079157010115654
v10,background_shaped,0.294,tf_patch60,0.25629235800911543,-0.3861072109217701,-0.4528761539158301,-0.3251831423173555,True,exp,,,,,,0.294,12.079157010115654
v10,background_shaped,0.589,cnn,0.6509363478959465,0.008536778965060898,-0.08451905316220447,0.09747380758965382,False,exp,,,,,,0.589,6.652024131497409
v10,background_shaped,0.589,fusion,0.5347504695562549,-0.1076490993746306,-0.18776555329095151,-0.02976057812214476,True,exp,,,,,,0.589,6.652024131497409
v10,background_shaped,0.589,5a,0.6096266537757838,-0.03277291515510169,-0.11905283180421347,0.05005211535736024,False,exp,,,,,,0.589,6.652024131497409
v10,background_shaped,0.589,5b,1.1437973536114654,0.5013977846805799,0.3754937663582571,0.6172533812159806,False,exp,,,,,,0.589,6.652024131497409
v10,background_shaped,0.589,cnn_kernel45,0.44302547722851704,-0.19937409170236853,-0.27712725233341345,-0.11687932305739333,True,exp,,,,,,0.589,6.652024131497409
v10,background_shaped,0.589,tf_patch60,0.5998432186986564,-0.04255635023222916,-0.14414234650059898,0.05676359451220865,False,exp,,,,,,0.589,6.652024131497409
