model_id,metric,eval_set,severity,statistic,protocol,display_name,value_v7,value_v9,delta,rel_delta,n_seeds_old,n_seeds_new
metadata_hgb,MAE_logM,holdout_E,1.0,per_seed_mean,,metadata GBT,0.6890574999365737,0.6890574999365737,0.0,0.0,5.0,5.0
metadata_knn,MAE_logM,holdout_E,1.0,per_seed_mean,,metadata k-NN,0.7783884816531402,0.7783884816531402,0.0,0.0,5.0,5.0
metadata_mlp_l1,MAE_logM,holdout_E,1.0,per_seed_mean,,metadata MLP (L1),0.8437835361858209,0.8437835361858209,0.0,0.0,5.0,5.0
metadata_mlp_mse,MAE_logM,holdout_E,1.0,per_seed_mean,,metadata MLP (MSE),1.0306854424265524,1.0306854424265524,0.0,0.0,5.0,5.0
metadata_mlp_mse_inner,MAE_logM,holdout_E,1.0,per_seed_mean,,"metadata MLP (MSE, inner-split)",1.0433024960340311,1.0433024960340311,0.0,0.0,5.0,5.0
metadata_hgb,MAE_logM,holdout_T,1.0,per_seed_mean,,metadata GBT,0.9273007633465143,0.9273007633465143,0.0,0.0,5.0,5.0
metadata_knn,MAE_logM,holdout_T,1.0,per_seed_mean,,metadata k-NN,0.9555126500626404,0.9555126500626404,0.0,0.0,5.0,5.0
metadata_mlp_mse,MAE_logM,holdout_T,1.0,per_seed_mean,,metadata MLP (MSE),3.6427074101443098,3.6427074101443098,0.0,0.0,5.0,5.0
metadata_mlp_mse_inner,MAE_logM,holdout_T,1.0,per_seed_mean,,"metadata MLP (MSE, inner-split)",3.6438026938978583,3.6438026938978583,0.0,0.0,5.0,5.0
metadata_mlp_l1,MAE_logM,holdout_T,1.0,per_seed_mean,,metadata MLP (L1),3.73480603597189,3.73480603597189,0.0,0.0,5.0,5.0
metadata_mlp_l1,MAE_logM,holdout_c,1.0,per_seed_mean,,metadata MLP (L1),0.6232357062131632,0.6232357062131632,0.0,0.0,5.0,5.0
metadata_mlp_mse,MAE_logM,holdout_c,1.0,per_seed_mean,,metadata MLP (MSE),0.6274701909702272,0.6274701909702272,0.0,0.0,5.0,5.0
metadata_mlp_mse_inner,MAE_logM,holdout_c,1.0,per_seed_mean,,"metadata MLP (MSE, inner-split)",0.6314172786716371,0.6314172786716371,0.0,0.0,5.0,5.0
metadata_hgb,MAE_logM,holdout_c,1.0,per_seed_mean,,metadata GBT,0.6358068830938279,0.6358068830938279,0.0,0.0,5.0,5.0
metadata_knn,MAE_logM,holdout_c,1.0,per_seed_mean,,metadata k-NN,0.6563120714544008,0.6563120714544008,0.0,0.0,5.0,5.0
metadata_mlp_l1,MAE_logM,stress_base,1.0,per_seed_mean,,metadata MLP (L1),0.6426308641291223,0.6426308641291223,0.0,0.0,5.0,5.0
metadata_mlp_mse_inner,MAE_logM,stress_base,1.0,per_seed_mean,,"metadata MLP (MSE, inner-split)",0.6526525883461349,0.6526525883461349,0.0,0.0,5.0,5.0
metadata_mlp_mse,MAE_logM,stress_base,1.0,per_seed_mean,,metadata MLP (MSE),0.6526530195656232,0.6526530195656232,0.0,0.0,5.0,5.0
metadata_hgb,MAE_logM,stress_base,1.0,per_seed_mean,,metadata GBT,0.6542642194618016,0.6542642194618016,0.0,0.0,5.0,5.0
metadata_knn,MAE_logM,stress_base,1.0,per_seed_mean,,metadata k-NN,0.6774562110451515,0.6774562110451515,0.0,0.0,5.0,5.0
metadata_mlp_l1,MAE_logM,val,1.0,per_seed_mean,,metadata MLP (L1),0.6142034424230689,0.6142034424230689,0.0,0.0,5.0,5.0
metadata_mlp_mse,MAE_logM,val,1.0,per_seed_mean,,metadata MLP (MSE),0.6225487914737547,0.6225487914737547,0.0,0.0,5.0,5.0
metadata_mlp_mse_inner,MAE_logM,val,1.0,per_seed_mean,,"metadata MLP (MSE, inner-split)",0.6262543489665027,0.6262543489665027,0.0,0.0,5.0,5.0
metadata_hgb,MAE_logM,val,1.0,per_seed_mean,,metadata GBT,0.6313736711878377,0.6313736711878377,0.0,0.0,5.0,5.0
metadata_knn,MAE_logM,val,1.0,per_seed_mean,,metadata k-NN,0.6358193725037854,0.6358193725037854,0.0,0.0,5.0,5.0
