setting,dataset_seed,arch,rho_logM,rho_logGamma,rho_omega0,MAE_logM
xi1_only,0,5a,0.8592320843490393,0.8894879779857167,0.0,0.26584872898153494
xi1_only,1,5a,0.853210168547444,0.8756914677141152,0.0,0.2739080570953606
xi1_only,2,5a,0.8420448935959175,0.8763155985697503,0.0,0.28427003014684443
xi2_only,0,5a,0.05479861021753245,0.0,0.4217040730471853,0.17332313518333248
xi2_only,1,5a,0.04657475772964286,0.0,0.4584315329661651,0.17268679317496133
xi2_only,2,5a,0.06667287355241587,0.0,0.4517099602700778,0.17999829207374723
both,0,5a,0.8640150375939849,0.895818906868959,0.3422668939606304,0.26215736425887814
both,0,cnn,0.9038496240601503,0.9330070917377589,0.3794791087180085,0.21870890614332894
both,1,5a,0.8531127819548872,0.877180008513163,0.34195727508943596,0.2709301364579036
both,1,cnn,0.8895789473684209,0.9150223315485193,0.3575725368392152,0.21600128535394658
both,2,5a,0.850406015037594,0.886270474474954,0.35991894000143815,0.2767286711741304
both,2,cnn,0.894390977443609,0.9199247003160315,0.3570181393519454,0.2224296045525955
alpha_per_mode,0,5a,0.8644360902255638,0.8913303052631225,0.3316174286194212,0.25938322037112244
alpha_per_mode,0,cnn,0.906796992481203,0.929315488269546,0.3677119123376747,0.21566617367904098
alpha_per_mode,1,5a,0.8576992481203007,0.8849806182754243,0.3735814757884884,0.26711016713815594
alpha_per_mode,1,cnn,0.8971428571428569,0.9226199705587181,0.39673085337007874,0.21341060232197545
alpha_per_mode,2,5a,0.8532030075187969,0.8787361735240837,0.3703676220834691,0.28281715360464965
alpha_per_mode,2,cnn,0.895082706766917,0.9194582046759426,0.38820037586931716,0.22254454481954963
