dataset_version,model,severity,MAE_omega0_meV,R2_omega0,spearman_omega0,MAE_Gamma_meV,R2_Gamma,spearman_Gamma,MAE_Gamma_over_omega0,R2_Gamma_over_omega0,MAE_logM
v10,cnn,0.25,0.08680050039291382,0.9981876475862659,0.9919722558890234,0.1693378082960844,0.9793556583853902,0.997008916035664,0.029932538485926682,0.9844300947493311,0.10594624637001973
v10,fusion,0.25,0.09847098588943481,0.9974028096821375,0.9881643046572185,0.16890941105782986,0.9837161738752285,0.9966745466981868,0.027414760638121566,0.9914229466143443,0.07984066350294187
v10,5a,0.25,0.10768230390548707,0.9963945146208696,0.9846821787287149,0.19566103753447533,0.9796884092882876,0.9959269917079666,0.032568111044164794,0.9897505373339149,0.10834840747301695
v10,5b,0.25,0.1569571189880371,0.9925025846320144,0.9788547634190538,0.35300661785900594,0.9388162696642752,0.9869637238548954,0.05802232061126432,0.9724250952581756,0.18729103735480787
v10,cnn_kernel45,0.25,0.06699505949020386,0.9989538981659457,0.9969810759243037,0.12096589425206185,0.9929287952678674,0.9986748106992427,0.019594889187668465,0.9964776496436931,0.06754770497777692
v10,tf_patch60,0.25,0.10479530000686646,0.9972501157272701,0.9868315313261252,0.17690772245824338,0.9866116098223311,0.9965242100968404,0.02620531226145296,0.9928956826719166,0.09588991650678662
v10,cnn,0.5,0.10052752208709717,0.9974586655827437,0.9878442393769574,0.21009136836230755,0.9735940508692638,0.9947101868407473,0.03873949294774219,0.9800251501207723,0.12311413656971479
v10,fusion,0.5,0.11393492269515991,0.9967193866208827,0.983309181236725,0.21295775698125363,0.9758707533205792,0.9944195936783747,0.0351194284757738,0.9879446643828457,0.10364397164547588
v10,5a,0.5,0.12048793506622314,0.9959313231694761,0.9807288829155315,0.23734955851733686,0.973103928366998,0.9929596198384794,0.03880547766319407,0.9865664125087203,0.12542958962941156
v10,5b,0.5,0.17263635063171387,0.9913281363390216,0.9726741626966506,0.4321397589594126,0.912728248204205,0.9757620150480601,0.07261908887088045,0.9584952276556477,0.2312648425911254
v10,cnn_kernel45,0.5,0.0701433424949646,0.9988064413749578,0.9954083016332065,0.14865856993198395,0.9893425069162329,0.9975461341845367,0.024826206035173104,0.9951155798755981,0.0825137268105677
v10,tf_patch60,0.5,0.11314067697525024,0.9968079404187029,0.984185664742659,0.20574600142240523,0.981792163316359,0.9947842991371965,0.03183821344091662,0.9908964010737757,0.10978786932149696
v10,cnn,1.0,0.13864399671554564,0.9950511487429121,0.9809562118248472,0.3278986233025789,0.9391103129380953,0.9855420541682165,0.059639202222810564,0.9588823904339745,0.17719842841856553
v10,fusion,1.0,0.13711632728576661,0.9951746804930193,0.9768643874575498,0.3055364078730345,0.9544416393663175,0.9881337765351061,0.05198758974883256,0.9752544453427752,0.15282570358836867
v10,5a,1.0,0.15031651163101195,0.9940174806926018,0.9739515438061751,0.3268989573866129,0.9492390765776425,0.9840343681374725,0.055084560482601415,0.9751636836153228,0.17543042750097812
v10,5b,1.0,0.21707014417648315,0.9854616567862645,0.9682918411673646,0.5683545812517404,0.8705460075009783,0.957750423001692,0.09860130022523547,0.9361945776958476,0.31004603399423447
v10,cnn_kernel45,1.0,0.09106132411956787,0.9977912810283817,0.9908465311664415,0.21503070849180222,0.9728963473851927,0.9930290281161126,0.03665062948989779,0.9867529102959,0.11430996501092318
v10,tf_patch60,1.0,0.13185957479476929,0.9954346700274075,0.980937107748431,0.2842406094074249,0.9567977590477731,0.9880663842655371,0.04699346548993671,0.9776660618546391,0.14703382342675425
v10,cnn,2.0,0.21484555721282958,0.9876553694217812,0.9649546758187033,0.5035908261686564,0.8798691259149962,0.963132108528434,0.09602847419876503,0.9208962681159246,0.27722462808940274
v10,fusion,2.0,0.1945043339729309,0.9897733011714188,0.9647884991539967,0.4519527242034674,0.9048682565340365,0.9724329137316549,0.0837270702577828,0.9410602319894891,0.24162410339962767
v10,5a,2.0,0.2057621955871582,0.9887200238154394,0.9593984615938463,0.5029827272146941,0.8866745593472535,0.9613216372865492,0.08711342679517571,0.9392055896538487,0.2791993187773793
v10,5b,2.0,0.29864785861968995,0.9749743394336883,0.944436897747591,0.7947545135170221,0.7745806739249685,0.9086673466693866,0.14337067089949249,0.8821892609408901,0.44629603147496405
v10,cnn_kernel45,2.0,0.13964400434494018,0.9946473241740195,0.9800501602006407,0.3515906249731779,0.9321117469919932,0.9814420697682789,0.06401610786562506,0.9576628939220391,0.18893705325692642
v10,tf_patch60,2.0,0.18531030607223511,0.9911782647995444,0.9687728990915963,0.41722295294702055,0.9101951407519927,0.9731637646550586,0.0744526947673043,0.9466217314553392,0.22784214152360827
v10,cnn,4.0,0.42949254989624025,0.9515083788081498,0.912131136524546,0.9681140410453081,0.6626172491030959,0.8532273169092676,0.20612049723706974,0.7501625189167747,0.5729046194279624
v10,fusion,4.0,0.33035628175735476,0.9673700365967988,0.9363302413209651,0.7731680260747671,0.7653503426418844,0.9056934205103244,0.16272751310111402,0.8257232537496801,0.4605848827687248
v10,5a,4.0,0.3957342405319214,0.9477700553281737,0.9158251353005412,0.905730033621192,0.6925742373254844,0.8632189408757635,0.18225747400929038,0.7865161067862474,0.5240012651641223
v10,5b,4.0,0.5555640110969543,0.89849709967924,0.8984700898803594,1.2291608683019877,0.48474494013228675,0.7565181620726482,0.24697963034067072,0.6894666832524174,0.7180037754121392
v10,cnn_kernel45,4.0,0.2836395215988159,0.9743606905998823,0.9462949851799407,0.734517814770341,0.7740252566460727,0.9154659018636074,0.1448401921730441,0.8604326676501853,0.41685178078645413
v10,tf_patch60,4.0,0.338268835067749,0.9670766498030678,0.9240810723242892,0.8133883913308382,0.7372072425763302,0.8873350053400213,0.16177066274392776,0.8304603812856437,0.4690942949535554
