dataset_version,model,severity,MAE_omega0_meV,MAE_Gamma_meV,MAE_Gamma_over_omega0,MAE_kappa_meV
v10,metadata oracle,any,0.07230839452775907,1.0728870704394342,0.23495657040713747,14.364566016751043
v10,cnn,0.25,0.08680050039291382,0.1693378082960844,0.029932538485926682,6.680047242493434
v10,cnn_kernel45,0.25,0.06699505949020386,0.12096589425206185,0.019594889187668465,6.3397897545570165
v10,cnn,0.5,0.10052752208709717,0.21009136836230755,0.03873949294774219,7.392022374734262
v10,cnn_kernel45,0.5,0.0701433424949646,0.14865856993198395,0.024826206035173104,6.943751321144651
v10,cnn,1.0,0.13864399671554564,0.3278986233025789,0.059639202222810564,9.465883854159209
v10,cnn_kernel45,1.0,0.09106132411956787,0.21503070849180222,0.03665062948989779,7.635615140257767
v10,cnn,2.0,0.21484555721282958,0.5035908261686564,0.09602847419876503,12.490431479250493
v10,cnn_kernel45,2.0,0.13964400434494018,0.3515906249731779,0.06401610786562506,9.522854419476257
v10,cnn,4.0,0.42949254989624025,0.9681140410453081,0.20612049723706974,16.73799870682275
v10,cnn_kernel45,4.0,0.2836395215988159,0.734517814770341,0.1448401921730441,14.419082068981425
