dataset_version,axis,bin,lo,hi,center,n,median_cond_sd,median_cond_IQR,median_cond_5_95,median_cond_median_logM
v8,T_K,0,103.1807861328125,203.0724761962891,148.8232879638672,500,0.5314481979790429,0.4590873442319846,1.4438791251497918,0.32104595407221515
v8,T_K,1,203.0724761962891,306.77039184570344,245.70260620117188,500,0.5896328809661855,0.5409370844937901,1.7047808559630524,0.09452599616757372
v8,T_K,2,306.77039184570344,344.9621337890628,328.8940734863281,500,0.7919545339904028,0.8023684436915368,2.4034012289425553,-0.502709706595171
v8,T_K,3,344.9621337890628,360.66270141601575,353.15069580078125,500,0.9073061495040616,0.9303376593047377,2.804212467223557,-1.1658331763216143
v8,T_K,4,360.66270141601575,381.1685485839844,370.9770812988281,500,0.9904074433623269,1.0050073400842294,3.0363019318238056,-1.809793316252623
v8,T_K,5,381.1685485839844,395.3956909179695,387.72607421875,500,1.052087614670946,1.0514007537499719,3.209690424973301,-2.125488653490211
v8,T_K,6,395.3956909179695,412.64973754882834,400.6330871582031,500,1.103883485886636,1.0891223048339445,3.362940735080505,-2.7277312671748044
v8,T_K,7,412.64973754882834,433.9164611816409,423.14776611328125,500,1.0852288773106022,1.076395860350284,3.319637871888293,-2.70617275783567
v8,T_K,8,433.9164611816409,466.4311645507828,447.129638671875,500,1.081602294067719,1.0760463497618913,3.3069277406629003,-2.832800963799253
v8,T_K,9,466.4311645507828,498.23483276467186,480.1368103027344,500,1.0006091804841466,1.0192151934681242,3.059440420447099,-2.2825764256568544
v8,c_pct,0,0.0029854350723326206,0.19875384569168109,0.07572503387928009,500,0.7666446871561086,0.7747222925716691,2.316408643783173,-0.23885915450574596
v8,c_pct,1,0.19875384569168109,0.4055801451206216,0.33156105875968933,500,0.8127057004773321,0.835658963362356,2.464368162575462,-0.3872110868941116
v8,c_pct,2,0.4055801451206216,0.6583942174911509,0.4996245801448822,500,0.7415884375836236,0.7414395670534539,2.218132766936246,-0.08183675041206015
v8,c_pct,3,0.6583942174911509,0.8042729377746598,0.7436914443969727,500,0.846123385128915,0.86780517993721,2.5994219749622745,-0.6597287446794673
v8,c_pct,4,0.8042729377746598,1.2237217426300049,1.1762597560882568,500,0.988779365855323,1.0082698471584626,3.045902492511397,-1.8148373190966876
v8,c_pct,5,1.2237217426300049,1.4048117160797196,1.3151156902313232,500,1.03026128282555,1.036588240710088,3.1534209520302374,-2.0746360163516213
v8,c_pct,6,1.4048117160797196,1.569260120391846,1.4819607734680176,500,1.02811439351591,1.0305262668082824,3.134015721512121,-2.0795525724988893
v8,c_pct,7,1.569260120391846,1.7281284809112576,1.6691733598709106,500,1.042642241255546,1.0440702849238868,3.1745639935944014,-2.0558734714626126
v8,c_pct,8,1.7281284809112576,1.8759108424186712,1.7860112190246582,500,1.065644309981744,1.0714183298404918,3.257591099498488,-2.3702395826509512
v8,c_pct,9,1.8759108424186712,1.998522163437439,1.9140729904174805,500,1.12228621545592,1.0989154399843646,3.40188381815383,-3.1055938231266236
v8,E_kVcm,0,0.00040099062607623637,0.31019534468650856,0.13400383293628693,500,0.855772359930232,0.8688931984968058,2.6218932895968807,-0.6087958537829723
v8,E_kVcm,1,0.31019534468650856,0.6952129840850831,0.5221952199935913,500,1.0299464639410036,1.0536662182931806,3.190900777569735,-2.0730599546952706
v8,E_kVcm,2,0.6952129840850831,0.9714833736419696,0.8433340191841125,500,0.8807654821256301,0.9018542165105121,2.6931210088023767,-0.9381953880898071
v8,E_kVcm,3,0.9714833736419696,1.1331207752227797,1.0742682218551636,500,0.8580118044487562,0.8765749557241245,2.6313608655598193,-0.9192147819115346
v8,E_kVcm,4,1.1331207752227797,1.292491853237152,1.2161682844161987,500,0.9442466605568923,0.9729760848011326,2.909791735237046,-1.3585585099355477
v8,E_kVcm,5,1.292491853237152,1.4646043539047269,1.3908181190490723,500,0.9513469671381664,0.9707819672814422,2.924260133548339,-1.4814332416138434
v8,E_kVcm,6,1.4646043539047269,1.6612097740173342,1.559146523475647,500,0.9679286849386723,0.9860410911847516,2.994872408941635,-1.479864398061455
v8,E_kVcm,7,1.6612097740173342,1.7915594339370737,1.7283320426940918,500,0.8867197993269871,0.91276700422834,2.712476558067038,-1.0743137911297855
v8,E_kVcm,8,1.7915594339370737,1.9096390724182142,1.8382515907287598,500,0.9444813380406963,0.9603350741062187,2.911779815485712,-1.3148231211579295
v8,E_kVcm,9,1.9096390724182142,1.9981672773824464,1.961707592010498,500,0.9009670634736955,0.9232309040101754,2.747533861602543,-1.1356164544133978
