arch,protocol,seed,dataset_version,stopping_protocol,min_epochs,max_epochs,patience,ema_alpha,train_tilt,stop_epoch,stop_reason,cap_hit,best_within_5_of_cap,n_parameters,epochs_trained,best_epoch,best_val_MAE_logM,wall_time_sec,mean_epoch_sec,severity_sampling_seed,train_severity_protocol,train_severity_range,device,model,dataset_seed,dataset,run_id,date_utc
5a,v7,42,v10,extended,30,200,20,0.3,0.0,200,cap,True,False,687843,200,187,0.2010874009569277,346.0258369445801,1.7271181750297546,0,v7,"[0.25, 4.0]",mps,5a,0,manuscript_phase1/data/ablation_v10_both_seed0/dataset.npz,a21_5a_ds0_s42,2026-09-12T15:15:05.740710+00:00
5a,v7,43,v10,extended,30,200,20,0.3,0.0,200,cap,True,False,687843,200,185,0.20905719481594678,349.0819492340088,1.7421004605293273,0,v7,"[0.25, 4.0]",mps,5a,0,manuscript_phase1/data/ablation_v10_both_seed0/dataset.npz,a21_5a_ds0_s43,2026-09-12T15:20:54.862754+00:00
5a,v7,44,v10,extended,30,200,20,0.3,0.0,200,cap,True,False,687843,200,185,0.1965572901092851,342.41984486579895,1.7088025295734406,0,v7,"[0.25, 4.0]",mps,5a,0,manuscript_phase1/data/ablation_v10_both_seed0/dataset.npz,a21_5a_ds0_s44,2026-09-12T15:26:37.306565+00:00
5b,v7,42,v10,extended,30,200,20,0.3,0.0,151,patience,False,False,686787,151,121,0.35129321439952443,262.36942505836487,1.7335767856496849,0,v7,"[0.25, 4.0]",mps,5b,0,manuscript_phase1/data/ablation_v10_both_seed0/dataset.npz,a21_5b_ds0_s42,2026-09-12T15:30:59.700342+00:00
5b,v7,43,v10,extended,30,200,20,0.3,0.0,184,patience,False,False,686787,184,152,0.3089164558237295,323.30845069885254,1.7535192279712013,0,v7,"[0.25, 4.0]",mps,5b,0,manuscript_phase1/data/ablation_v10_both_seed0/dataset.npz,a21_5b_ds0_s43,2026-09-12T15:36:23.039888+00:00
5b,v7,44,v10,extended,30,200,20,0.3,0.0,100,patience,False,False,686787,100,80,0.3351211613065761,1911.6954460144043,19.112253141403198,0,v7,"[0.25, 4.0]",mps,5b,0,manuscript_phase1/data/ablation_v10_both_seed0/dataset.npz,a21_5b_ds0_s44,2026-09-12T16:08:14.758576+00:00
fusion,v7,42,v10,extended,30,200,20,0.3,0.0,196,patience,False,False,697734,196,173,0.1760481743308274,982.8035891056061,5.0112090232420945,0,v7,"[0.25, 4.0]",mps,fusion,0,manuscript_phase1/data/ablation_v10_both_seed0/dataset.npz,a21_fusion_ds0_s42,2026-09-12T16:24:37.590175+00:00
fusion,v7,43,v10,extended,30,200,20,0.3,0.0,200,patience,False,False,697734,200,159,0.17868381432767982,350.9255139827728,1.7510787320137025,0,v7,"[0.25, 4.0]",mps,fusion,0,manuscript_phase1/data/ablation_v10_both_seed0/dataset.npz,a21_fusion_ds0_s43,2026-09-12T16:30:28.546450+00:00
fusion,v7,44,v10,extended,30,200,20,0.3,0.0,200,cap,True,False,697734,200,189,0.17587772767338442,350.9825530052185,1.750770447254181,0,v7,"[0.25, 4.0]",mps,fusion,0,manuscript_phase1/data/ablation_v10_both_seed0/dataset.npz,a21_fusion_ds0_s44,2026-09-12T16:36:19.563232+00:00
cnn,v7,42,v10,extended,30,200,20,0.3,0.0,200,cap,True,False,614979,200,139,0.2037495103519092,547.9650409221649,2.7389704263210297,0,v7,"[0.25, 4.0]",mps,cnn,0,manuscript_phase1/data/ablation_v10_both_seed0/dataset.npz,a21_cnn_ds0_s42,2026-09-12T16:45:27.547494+00:00
cnn,v7,43,v10,extended,30,200,20,0.3,0.0,200,cap,True,False,614979,200,185,0.19766477912221717,142.90043187141418,0.7134846651554108,0,v7,"[0.25, 4.0]",mps,cnn,0,manuscript_phase1/data/ablation_v10_both_seed0/dataset.npz,a21_cnn_ds0_s43,2026-09-12T16:47:50.470048+00:00
cnn,v7,44,v10,extended,30,200,20,0.3,0.0,166,patience,False,False,614979,166,126,0.20652563247964434,129.59011101722717,0.7793858123112873,0,v7,"[0.25, 4.0]",mps,cnn,0,manuscript_phase1/data/ablation_v10_both_seed0/dataset.npz,a21_cnn_ds0_s44,2026-09-12T16:50:00.079939+00:00
cnn_kernel45,v7,42,v10,extended,30,200,20,0.3,0.0,200,cap,True,False,1174755,200,181,0.12287890585248391,313.0361490249634,1.5635262262821197,0,v7,"[0.25, 4.0]",mps,cnn_kernel45,0,manuscript_phase1/data/ablation_v10_both_seed0/dataset.npz,a21_cnn_kernel45_ds0_s42,2026-09-12T16:55:13.147984+00:00
cnn_kernel45,v7,43,v10,extended,30,200,20,0.3,0.0,200,cap,True,True,1174755,200,199,0.1261863958483037,635.9673089981079,3.178283681869507,0,v7,"[0.25, 4.0]",mps,cnn_kernel45,0,manuscript_phase1/data/ablation_v10_both_seed0/dataset.npz,a21_cnn_kernel45_ds0_s43,2026-09-12T17:05:49.133972+00:00
cnn_kernel45,v7,44,v10,extended,30,200,20,0.3,0.0,200,cap,True,False,1174755,200,190,0.1215329815230292,1176.945013999939,5.883030149936676,0,v7,"[0.25, 4.0]",mps,cnn_kernel45,0,manuscript_phase1/data/ablation_v10_both_seed0/dataset.npz,a21_cnn_kernel45_ds0_s44,2026-09-12T17:25:26.106892+00:00
tf_patch60,v7,42,v10,extended,30,200,20,0.3,0.0,197,patience,False,False,687843,197,162,0.17179682069723193,197.62020611763,1.0000194898111565,0,v7,"[0.25, 4.0]",mps,tf_patch60,0,manuscript_phase1/data/ablation_v10_both_seed0/dataset.npz,a21_tf_patch60_ds0_s42,2026-09-12T17:28:43.757424+00:00
tf_patch60,v7,43,v10,extended,30,200,20,0.3,0.0,200,cap,True,False,687843,200,193,0.16493295866740731,192.4974582195282,0.9586395442485809,0,v7,"[0.25, 4.0]",mps,tf_patch60,0,manuscript_phase1/data/ablation_v10_both_seed0/dataset.npz,a21_tf_patch60_ds0_s43,2026-09-12T17:31:56.285055+00:00
tf_patch60,v7,44,v10,extended,30,200,20,0.3,0.0,200,cap,True,False,687843,200,178,0.17153293340043732,192.92462301254272,0.9607303643226623,0,v7,"[0.25, 4.0]",mps,tf_patch60,0,manuscript_phase1/data/ablation_v10_both_seed0/dataset.npz,a21_tf_patch60_ds0_s44,2026-09-12T17:35:09.238054+00:00
5a,v7,42,v10,extended,30,200,20,0.3,0.0,193,patience,False,False,687843,193,167,0.21131525302854265,2471.9187302589417,12.803664193869873,0,v7,"[0.25, 4.0]",mps,5a,1,manuscript_phase1/data/ablation_v10_both_seed1/dataset.npz,a21_5a_ds1_s42,2026-09-12T18:16:22.343293+00:00
5a,v7,43,v10,extended,30,200,20,0.3,0.0,200,cap,True,False,687843,200,187,0.22176698246917093,3296.0873560905457,16.47749651312828,0,v7,"[0.25, 4.0]",mps,5a,1,manuscript_phase1/data/ablation_v10_both_seed1/dataset.npz,a21_5a_ds1_s43,2026-09-12T19:11:18.482109+00:00
5a,v7,44,v10,extended,30,200,20,0.3,0.0,200,cap,True,False,687843,200,165,0.21223436419983013,2166.1079030036926,10.827532572746277,0,v7,"[0.25, 4.0]",mps,5a,1,manuscript_phase1/data/ablation_v10_both_seed1/dataset.npz,a21_5a_ds1_s44,2026-09-12T19:47:24.716595+00:00
5b,v7,42,v10,extended,30,200,20,0.3,0.0,138,patience,False,False,686787,138,118,0.3621140308437786,1199.175539970398,8.685742340226104,0,v7,"[0.25, 4.0]",mps,5b,1,manuscript_phase1/data/ablation_v10_both_seed1/dataset.npz,a21_5b_ds1_s42,2026-09-12T20:07:23.923398+00:00
5b,v7,43,v10,extended,30,200,20,0.3,0.0,176,patience,False,False,686787,176,156,0.3185663497738198,2102.9412081241608,11.944831260225989,0,v7,"[0.25, 4.0]",mps,5b,1,manuscript_phase1/data/ablation_v10_both_seed1/dataset.npz,a21_5b_ds1_s43,2026-09-12T20:42:26.899910+00:00
5b,v7,44,v10,extended,30,200,20,0.3,0.0,177,patience,False,False,686787,177,134,0.33986155693151193,1672.5385119915009,9.446472691950826,0,v7,"[0.25, 4.0]",mps,5b,1,manuscript_phase1/data/ablation_v10_both_seed1/dataset.npz,a21_5b_ds1_s44,2026-09-12T21:10:19.486227+00:00
fusion,v7,42,v10,extended,30,200,20,0.3,0.0,200,cap,True,False,697734,200,186,0.18616965408062566,357.8476309776306,1.785472800731659,0,v7,"[0.25, 4.0]",mps,fusion,1,manuscript_phase1/data/ablation_v10_both_seed1/dataset.npz,a21_fusion_ds1_s42,2026-09-12T21:16:17.375153+00:00
fusion,v7,43,v10,extended,30,200,20,0.3,0.0,200,cap,True,False,697734,200,169,0.19270236563764717,351.03498005867004,1.7513425540924072,0,v7,"[0.25, 4.0]",mps,fusion,1,manuscript_phase1/data/ablation_v10_both_seed1/dataset.npz,a21_fusion_ds1_s43,2026-09-12T21:22:08.439152+00:00
fusion,v7,44,v10,extended,30,200,20,0.3,0.0,200,cap,True,False,697734,200,189,0.17999100060110013,2250.6647028923035,11.250136994123459,0,v7,"[0.25, 4.0]",mps,fusion,1,manuscript_phase1/data/ablation_v10_both_seed1/dataset.npz,a21_fusion_ds1_s44,2026-09-12T21:59:39.137825+00:00
cnn,v7,42,v10,extended,30,200,20,0.3,0.0,160,patience,False,False,614979,160,137,0.2208510431851554,2528.483992099762,15.801728411018848,0,v7,"[0.25, 4.0]",mps,cnn,1,manuscript_phase1/data/ablation_v10_both_seed1/dataset.npz,a21_cnn_ds1_s42,2026-09-12T22:41:47.642441+00:00
cnn,v7,43,v10,extended,30,200,20,0.3,0.0,200,cap,True,False,614979,200,122,0.21416355502238066,146.86074686050415,0.7334252333641053,0,v7,"[0.25, 4.0]",mps,cnn,1,manuscript_phase1/data/ablation_v10_both_seed1/dataset.npz,a21_cnn_ds1_s43,2026-09-12T22:44:14.519280+00:00
cnn,v7,44,v10,extended,30,200,20,0.3,0.0,196,patience,False,False,614979,196,180,0.22305851142589744,500.7649049758911,2.5528432641710554,0,v7,"[0.25, 4.0]",mps,cnn,1,manuscript_phase1/data/ablation_v10_both_seed1/dataset.npz,a21_cnn_ds1_s44,2026-09-12T22:52:35.306681+00:00
cnn_kernel45,v7,42,v10,extended,30,200,20,0.3,0.0,133,patience,False,False,1174755,133,128,0.14675897480833433,693.7144339084625,5.212797528819034,0,v7,"[0.25, 4.0]",mps,cnn_kernel45,1,manuscript_phase1/data/ablation_v10_both_seed1/dataset.npz,a21_cnn_kernel45_ds1_s42,2026-09-12T23:04:09.045253+00:00
cnn_kernel45,v7,43,v10,extended,30,200,20,0.3,0.0,200,cap,True,False,1174755,200,172,0.13763241518827146,1052.0816209316254,5.257455879449845,0,v7,"[0.25, 4.0]",mps,cnn_kernel45,1,manuscript_phase1/data/ablation_v10_both_seed1/dataset.npz,a21_cnn_kernel45_ds1_s43,2026-09-12T23:21:41.146607+00:00
cnn_kernel45,v7,44,v10,extended,30,200,20,0.3,0.0,200,cap,True,False,1174755,200,193,0.13657885851281723,328.5587809085846,1.6411827385425568,0,v7,"[0.25, 4.0]",mps,cnn_kernel45,1,manuscript_phase1/data/ablation_v10_both_seed1/dataset.npz,a21_cnn_kernel45_ds1_s44,2026-09-12T23:27:09.724276+00:00
tf_patch60,v7,42,v10,extended,30,200,20,0.3,0.0,200,cap,True,False,687843,200,175,0.1797298529711428,194.82841610908508,0.9708184111118316,0,v7,"[0.25, 4.0]",mps,tf_patch60,1,manuscript_phase1/data/ablation_v10_both_seed1/dataset.npz,a21_tf_patch60_ds1_s42,2026-09-12T23:30:24.578976+00:00
tf_patch60,v7,43,v10,extended,30,200,20,0.3,0.0,200,cap,True,False,687843,200,161,0.17637096090543114,194.73784399032593,0.9710844576358795,0,v7,"[0.25, 4.0]",mps,tf_patch60,1,manuscript_phase1/data/ablation_v10_both_seed1/dataset.npz,a21_tf_patch60_ds1_s43,2026-09-12T23:33:39.342061+00:00
tf_patch60,v7,44,v10,extended,30,200,20,0.3,0.0,200,cap,True,False,687843,200,172,0.18298692730793295,193.02266597747803,0.9619307696819306,0,v7,"[0.25, 4.0]",mps,tf_patch60,1,manuscript_phase1/data/ablation_v10_both_seed1/dataset.npz,a21_tf_patch60_ds1_s44,2026-09-12T23:36:52.392654+00:00
5a,v7,42,v10,extended,30,200,20,0.3,0.0,199,patience,False,False,687843,199,143,0.20698058869800623,3247.36536192894,16.31561496748996,0,v7,"[0.25, 4.0]",mps,5a,2,manuscript_phase1/data/ablation_v10_both_seed2/dataset.npz,a21_5a_ds2_s42,2026-09-13T00:31:00.940267+00:00
5a,v7,43,v10,extended,30,200,20,0.3,0.0,169,patience,False,False,687843,169,149,0.20163486983069964,1830.4919028282166,10.8285463674534,0,v7,"[0.25, 4.0]",mps,5a,2,manuscript_phase1/data/ablation_v10_both_seed2/dataset.npz,a21_5a_ds2_s43,2026-09-13T01:01:31.460917+00:00
5a,v7,44,v10,extended,30,200,20,0.3,0.0,200,cap,True,False,687843,200,156,0.1992745444188322,2806.2286369800568,14.02821102619171,0,v7,"[0.25, 4.0]",mps,5a,2,manuscript_phase1/data/ablation_v10_both_seed2/dataset.npz,a21_5a_ds2_s44,2026-09-13T01:48:17.718410+00:00
5b,v7,42,v10,extended,30,200,20,0.3,0.0,85,patience,False,False,686787,85,71,0.36523829203117397,149.19421291351318,1.7508579590741327,0,v7,"[0.25, 4.0]",mps,5b,2,manuscript_phase1/data/ablation_v10_both_seed2/dataset.npz,a21_5b_ds2_s42,2026-09-13T01:50:46.944712+00:00
5b,v7,43,v10,extended,30,200,20,0.3,0.0,114,patience,False,False,686787,114,94,0.3026932142742095,200.01397705078125,1.7498011254427726,0,v7,"[0.25, 4.0]",mps,5b,2,manuscript_phase1/data/ablation_v10_both_seed2/dataset.npz,a21_5b_ds2_s43,2026-09-13T01:54:06.994852+00:00
5b,v7,44,v10,extended,30,200,20,0.3,0.0,200,cap,True,False,686787,200,167,0.34323088386349376,351.29567289352417,1.7532404804229735,0,v7,"[0.25, 4.0]",mps,5b,2,manuscript_phase1/data/ablation_v10_both_seed2/dataset.npz,a21_5b_ds2_s44,2026-09-13T01:59:58.317977+00:00
fusion,v7,42,v10,extended,30,200,20,0.3,0.0,200,cap,True,False,697734,200,175,0.17529785113007654,2213.697919845581,11.065088019371032,0,v7,"[0.25, 4.0]",mps,fusion,2,manuscript_phase1/data/ablation_v10_both_seed2/dataset.npz,a21_fusion_ds2_s42,2026-09-13T02:36:52.046251+00:00
fusion,v7,43,v10,extended,30,200,20,0.3,0.0,200,cap,True,False,697734,200,161,0.17247779005836048,3529.968341112137,17.646957131624223,0,v7,"[0.25, 4.0]",mps,fusion,2,manuscript_phase1/data/ablation_v10_both_seed2/dataset.npz,a21_fusion_ds2_s43,2026-09-13T03:35:42.039807+00:00
fusion,v7,44,v10,extended,30,200,20,0.3,0.0,197,patience,False,False,697734,197,175,0.17900062239361664,1247.9028680324554,6.330889631648959,0,v7,"[0.25, 4.0]",mps,fusion,2,manuscript_phase1/data/ablation_v10_both_seed2/dataset.npz,a21_fusion_ds2_s44,2026-09-13T03:56:29.970327+00:00
cnn,v7,42,v10,extended,30,200,20,0.3,0.0,163,patience,False,False,614979,163,143,0.19812253112701764,1152.6465179920197,7.069802203792736,0,v7,"[0.25, 4.0]",mps,cnn,2,manuscript_phase1/data/ablation_v10_both_seed2/dataset.npz,a21_cnn_ds2_s42,2026-09-13T04:15:42.634860+00:00
cnn,v7,43,v10,extended,30,200,20,0.3,0.0,200,cap,True,False,614979,200,167,0.19826032131772917,144.66714477539062,0.722093037366867,0,v7,"[0.25, 4.0]",mps,cnn,2,manuscript_phase1/data/ablation_v10_both_seed2/dataset.npz,a21_cnn_ds2_s43,2026-09-13T04:18:07.316890+00:00
cnn,v7,44,v10,extended,30,200,20,0.3,0.0,143,patience,False,False,614979,143,123,0.20394964993377956,1082.655395269394,7.569536472533966,0,v7,"[0.25, 4.0]",mps,cnn,2,manuscript_phase1/data/ablation_v10_both_seed2/dataset.npz,a21_cnn_ds2_s44,2026-09-13T04:36:09.992646+00:00
cnn_kernel45,v7,42,v10,extended,30,200,20,0.3,0.0,200,cap,True,True,1174755,200,196,0.12883987439252226,1867.9590320587158,9.337985283136367,0,v7,"[0.25, 4.0]",mps,cnn_kernel45,2,manuscript_phase1/data/ablation_v10_both_seed2/dataset.npz,a21_cnn_kernel45_ds2_s42,2026-09-13T05:07:17.972376+00:00
cnn_kernel45,v7,43,v10,extended,30,200,20,0.3,0.0,200,cap,True,True,1174755,200,200,0.12626286441342263,3333.1405868530273,16.663475233316422,0,v7,"[0.25, 4.0]",mps,cnn_kernel45,2,manuscript_phase1/data/ablation_v10_both_seed2/dataset.npz,a21_cnn_kernel45_ds2_s43,2026-09-13T06:02:51.132269+00:00
cnn_kernel45,v7,44,v10,extended,30,200,20,0.3,0.0,200,cap,True,False,1174755,200,179,0.12661357169573764,1243.7477059364319,6.217239711284638,0,v7,"[0.25, 4.0]",mps,cnn_kernel45,2,manuscript_phase1/data/ablation_v10_both_seed2/dataset.npz,a21_cnn_kernel45_ds2_s44,2026-09-13T06:23:34.977317+00:00
tf_patch60,v7,42,v10,extended,30,200,20,0.3,0.0,200,cap,True,False,687843,200,188,0.17138627368674855,830.03875207901,1.210627224445343,0,v7,"[0.25, 4.0]",mps,tf_patch60,2,manuscript_phase1/data/ablation_v10_both_seed2/dataset.npz,a21_tf_patch60_ds2_s42,2026-09-13T06:37:25.048478+00:00
tf_patch60,v7,43,v10,extended,30,200,20,0.3,0.0,200,cap,True,False,687843,200,190,0.17389449293221615,245.56579399108887,1.224540034532547,0,v7,"[0.25, 4.0]",mps,tf_patch60,2,manuscript_phase1/data/ablation_v10_both_seed2/dataset.npz,a21_tf_patch60_ds2_s43,2026-09-13T06:41:30.683181+00:00
tf_patch60,v7,44,v10,extended,30,200,20,0.3,0.0,200,cap,True,False,687843,200,188,0.17464580043529332,336.12800908088684,1.677489733695984,0,v7,"[0.25, 4.0]",mps,tf_patch60,2,manuscript_phase1/data/ablation_v10_both_seed2/dataset.npz,a21_tf_patch60_ds2_s44,2026-09-13T06:47:06.889782+00:00
