dataset_version,model_a,model_b,diff_a_minus_b,lo,hi,significant
v9,5a/v7,5b/v7,-0.10891148407062777,-0.12422992341794134,-0.09440796481611353,True
v9,5a/v7,fusion/v7,0.030450177827608234,0.02165581777080579,0.03879692281886556,True
v9,5a/v7,cnn/v7,-0.0016649837509398547,-0.014581808980200364,0.010485205920780697,False
v9,5a/v7,fusion/fixed1,0.04933598146750129,0.03883666179592218,0.059930536400874077,True
v9,5b/v7,fusion/v7,0.139361661898236,0.12472864760398938,0.15474694363523714,True
v9,5b/v7,cnn/v7,0.10724650031968791,0.09268992584481542,0.12174552987308217,True
v9,5b/v7,fusion/fixed1,0.15824746553812907,0.1419489805403415,0.1765986407600728,True
v9,cnn/v7,fusion/v7,0.03211516157854809,0.020959457166235568,0.04431900803166246,True
v9,cnn/v7,fusion/fixed1,0.05100096521844114,0.040352914865028275,0.06283782534557719,True
v9,5a/fixed1,5a/v7,-0.021650573175234243,-0.030144493415275177,-0.012938357902131216,True
v9,5a/fixed1,5b/v7,-0.13056205724586203,-0.14705497128909337,-0.11533246363279025,True
v9,5a/fixed1,fusion/v7,0.008799604652373989,-0.0005566764177646349,0.018629933399969954,False
v9,5a/fixed1,cnn/v7,-0.0233155569261741,-0.035297615850948365,-0.012508651322514623,True
v9,5a/fixed1,5a/low,-0.03266896678429792,-0.042877600953888574,-0.022338618517527147,True
v9,5a/fixed1,fusion/fixed1,0.02768540829226705,0.01967676764932461,0.034919597201473335,True
v9,5a/low,5a/v7,0.011018393609063683,-0.0005558776606865724,0.022828273722832543,False
v9,5a/low,5b/v7,-0.09789309046156408,-0.11390733575600233,-0.08264787565261336,True
v9,5a/low,fusion/v7,0.041468571436671924,0.02927872423072014,0.05449119782678008,True
v9,5a/low,cnn/v7,0.009353409858123827,-0.0042187392157583496,0.023196485125528393,False
v9,5a/low,fusion/fixed1,0.06035437507656498,0.0478079486543012,0.07272465430229326,True
v9,fusion/fixed1,fusion/v7,-0.018885803639893055,-0.027204797127137838,-0.010892576831555473,True
