setting,dataset_seed,arch,rho_logM,rho_logGamma,rho_omega0,MAE_logM,rho_logM_seedmean,MAE_logM_seedmean,n_tuples,n
xi1_only,0,5a,0.8913980861506302,0.8952776496446527,0.0,0.2052935561064092,0.8818641968854303,0.2168863101073345,100,2000
xi1_only,1,5a,0.8892703924568534,0.882052313405547,0.0,0.197893915929682,0.8745284322337415,0.215695005557877,100,2000
xi1_only,2,5a,0.9035562877480312,0.8994585066203941,0.0,0.2008982285650131,0.8930525274067979,0.2137999052852502,100,2000
xi2_only,0,5a,0.1893315652305747,0.0,0.4582660285282584,0.125741779524601,0.1721235998591831,0.1331836666854454,100,2000
xi2_only,1,5a,0.2086831378693961,0.0,0.4870892818326272,0.1225659791116214,0.1963265434307696,0.1294106022556062,100,2000
xi2_only,2,5a,0.2204304932462878,0.0,0.4765945133504257,0.1319129280950768,0.2071633993813972,0.1430255782173655,100,2000
both,0,5a,0.8981052631578947,0.897442944393652,0.3352203416195991,0.1998318432169864,0.8898696741854636,0.2091245589128686,100,2000
both,0,cnn,0.905473684210526,0.9019542904661896,0.3411312699655188,0.1971904940901658,0.8951127819548871,0.2101658623226815,100,2000
both,1,5a,0.899488721804511,0.8971199938913209,0.3254803999960022,0.1869057623241416,0.8888771929824562,0.1982466977933349,100,2000
both,1,cnn,0.9040751879699246,0.8960448540009723,0.3434806965858883,0.187336500680537,0.8930375939849625,0.2019509647082042,100,2000
both,2,5a,0.8948872180451128,0.8914509340874045,0.2726286375540496,0.2056342404506859,0.888942355889724,0.2165956480325586,100,2000
both,2,cnn,0.9069924812030076,0.9001651547528519,0.3207197801335927,0.2017136950479671,0.8976340852130326,0.2132550825320554,100,2000
alpha_per_mode,0,5a,0.8964511278195486,0.8948067271812833,0.2672050127314954,0.1946134969251916,0.890125313283208,0.2061585427561924,100,2000
alpha_per_mode,0,cnn,0.9141654135338344,0.904442951463912,0.3041505068817792,0.1897907487197113,0.9036942355889724,0.2021188642268953,100,2000
alpha_per_mode,1,5a,0.9040451127819548,0.9057478523282184,0.3473186827328887,0.1836583228498003,0.88993984962406,0.1973816836597387,100,2000
alpha_per_mode,1,cnn,0.8990526315789473,0.9019430412597244,0.3516188689705148,0.1883867339151699,0.8867769423558896,0.2010199737646929,100,2000
alpha_per_mode,2,5a,0.8963759398496239,0.8955334153099253,0.3659903982263387,0.1934488739211856,0.8862907268170425,0.2058266000377324,100,2000
alpha_per_mode,2,cnn,0.8912932330827067,0.8871727170308088,0.3608761795405855,0.1952653412690202,0.8812631578947369,0.2093484427576723,100,2000
