architecture,n_runs,stopped_before_100,hit_cap,best_within_5_of_stop,best_epoch_median,best_epoch_p10,best_epoch_p90
5a,47,2,31,0,165.0,126.8,185.0
5b,5,0,2,0,125.0,111.2,149.4
cnn,23,1,11,0,143.0,105.2,174.6
cnn_base,6,0,4,0,123.0,101.0,138.0
cnn_half_depth,6,0,6,2,187.0,183.0,195.0
cnn_kernel15,6,0,6,0,191.0,190.0,193.0
cnn_kernel21,6,0,6,0,192.0,179.0,193.0
cnn_kernel31,6,0,6,0,183.0,179.0,192.0
cnn_kernel45,6,2,4,0,184.0,74.0,189.0
cnn_param_matched,6,0,2,0,155.0,106.0,180.0
cnn_wide,6,4,2,2,81.0,42.0,198.0
fusion,8,0,7,0,170.5,145.9,188.6
tf_base,6,0,4,0,157.0,150.0,194.0
tf_depth8,6,0,2,0,153.0,117.0,173.0
tf_patch20,6,0,6,0,168.0,168.0,170.0
tf_patch30,6,0,6,0,177.0,156.0,184.0
tf_patch40,6,0,6,0,169.0,167.0,184.0
tf_patch5,6,0,4,0,171.0,159.0,188.0
tf_patch60,6,0,6,0,166.0,157.0,182.0
